Workbook

Sheet Resumo
A1: Categoria | B1: 01.25 | C1: 02.25 | D1: 03.25 | E1: 04.25 | F1: 05.25 | G1: 06.25 | H1: 07.25 | I1: 08.25 | J1: 09.25 | K1: 10.25 | L1: 11.25 | M1: 12.25 | N1: Total
A2: Enviado | B2: =COUNTIF(INDIRECT(B$1&"!E2:E1000"),$A2) -> 0 | C2: =COUNTIF(INDIRECT(C$1&"!E2:E1000"),$A2) -> 0 | D2: =COUNTIF(INDIRECT(D$1&"!E2:E1000"),$A2) -> 0 | E2: =COUNTIF(INDIRECT(E$1&"!E2:E1000"),$A2) -> 0 | F2: =COUNTIF(INDIRECT(F$1&"!E2:E1000"),$A2) -> 0 | G2: =COUNTIF(INDIRECT(G$1&"!E2:E1000"),$A2) -> 1 | H2: =COUNTIF(INDIRECT(H$1&"!E2:E1000"),$A2) -> 1 | I2: =COUNTIF(INDIRECT(I$1&"!E2:E1000"),$A2) -> 19 | ... M2: =COUNTIF(INDIRECT(M$1&"!E2:E1000"),$A2) -> 0 | N2: =SUM(B2:M2) -> 59
A3: Atrasado | B3: =COUNTIF(INDIRECT(B$1&"!E2:E1000"),$A3) -> 0 | C3: =COUNTIF(INDIRECT(C$1&"!E2:E1000"),$A3) -> 0 | D3: =COUNTIF(INDIRECT(D$1&"!E2:E1000"),$A3) -> 0 | E3: =COUNTIF(INDIRECT(E$1&"!E2:E1000"),$A3) -> 0 | F3: =COUNTIF(INDIRECT(F$1&"!E2:E1000"),$A3) -> 0 | G3: =COUNTIF(INDIRECT(G$1&"!E2:E1000"),$A3) -> 0 | H3: =COUNTIF(INDIRECT(H$1&"!E2:E1000"),$A3) -> 0 | I3: =COUNTIF(INDIRECT(I$1&"!E2:E1000"),$A3) -> 0 | ... M3: =COUNTIF(INDIRECT(M$1&"!E2:E1000"),$A3) -> 0 | N3: =SUM(B3:M3) -> 39
A4: Atrasado >= 2 | B4: =COUNTIF(INDIRECT(B$1&"!E2:E1000"),$A4) -> 0 | C4: =COUNTIF(INDIRECT(C$1&"!E2:E1000"),$A4) -> 0 | D4: =COUNTIF(INDIRECT(D$1&"!E2:E1000"),$A4) -> 0 | E4: =COUNTIF(INDIRECT(E$1&"!E2:E1000"),$A4) -> 0 | F4: =COUNTIF(INDIRECT(F$1&"!E2:E1000"),$A4) -> 0 | G4: =COUNTIF(INDIRECT(G$1&"!E2:E1000"),$A4) -> 0 | H4: =COUNTIF(INDIRECT(H$1&"!E2:E1000"),$A4) -> 0 | I4: =COUNTIF(INDIRECT(I$1&"!E2:E1000"),$A4) -> 19 | ... M4: =COUNTIF(INDIRECT(M$1&"!E2:E1000"),$A4) -> 0 | N4: =SUM(B4:M4) -> 59
A5: Duplicado | B5: =COUNTIF(INDIRECT(B$1&"!E2:E1000"),$A5) -> 0 | C5: =COUNTIF(INDIRECT(C$1&"!E2:E1000"),$A5) -> 0 | D5: =COUNTIF(INDIRECT(D$1&"!E2:E1000"),$A5) -> 0 | E5: =COUNTIF(INDIRECT(E$1&"!E2:E1000"),$A5) -> 0 | F5: =COUNTIF(INDIRECT(F$1&"!E2:E1000"),$A5) -> 0 | G5: =COUNTIF(INDIRECT(G$1&"!E2:E1000"),$A5) -> 0 | H5: =COUNTIF(INDIRECT(H$1&"!E2:E1000"),$A5) -> 0 | I5: =COUNTIF(INDIRECT(I$1&"!E2:E1000"),$A5) -> 1 | ... M5: =COUNTIF(INDIRECT(M$1&"!E2:E1000"),$A5) -> 0 | N5: =SUM(B5:M5) -> 1
A6: Outras Ocorrências | B6: =COUNTIF(INDIRECT(B$1&"!E2:E1000"),$A6) -> 0 | C6: =COUNTIF(INDIRECT(C$1&"!E2:E1000"),$A6) -> 0 | D6: =COUNTIF(INDIRECT(D$1&"!E2:E1000"),$A6) -> 0 | E6: =COUNTIF(INDIRECT(E$1&"!E2:E1000"),$A6) -> 0 | F6: =COUNTIF(INDIRECT(F$1&"!E2:E1000"),$A6) -> 0 | G6: =COUNTIF(INDIRECT(G$1&"!E2:E1000"),$A6) -> 0 | H6: =COUNTIF(INDIRECT(H$1&"!E2:E1000"),$A6) -> 0 | I6: =COUNTIF(INDIRECT(I$1&"!E2:E1000"),$A6) -> 2 | ... M6: =COUNTIF(INDIRECT(M$1&"!E2:E1000"),$A6) -> 2 | N6: =SUM(B6:M6) -> 10
A7: Sem Técnico | B7: =COUNTIF(INDIRECT(B$1&"!E2:E1000"),$A7) -> 46 | C7: =COUNTIF(INDIRECT(C$1&"!E2:E1000"),$A7) -> 46 | D7: =COUNTIF(INDIRECT(D$1&"!E2:E1000"),$A7) -> 46 | E7: =COUNTIF(INDIRECT(E$1&"!E2:E1000"),$A7) -> 46 | F7: =COUNTIF(INDIRECT(F$1&"!E2:E1000"),$A7) -> 46 | G7: =COUNTIF(INDIRECT(G$1&"!E2:E1000"),$A7) -> 45 | H7: =COUNTIF(INDIRECT(H$1&"!E2:E1000"),$A7) -> 45 | I7: =COUNTIF(INDIRECT(I$1&"!E2:E1000"),$A7) -> 5 | ... M7: =COUNTIF(INDIRECT(M$1&"!E2:E1000"),$A7) -> 5 | N7: =SUM(B7:M7) -> 345
A8: Total | B8: =SUM(B2:B7) -> 46 | C8: =SUM(C2:C7) -> 46 | D8: =SUM(D2:D7) -> 46 | E8: =SUM(E2:E7) -> 46 | F8: =SUM(F2:F7) -> 46 | G8: =SUM(G2:G7) -> 46 | H8: =SUM(H2:H7) -> 46 | I8: =SUM(I2:I7) -> 46 | ... M8: =SUM(M2:M7) -> 7 | N8: =SUM(B8:M8) -> 513
A11: Digite o Mês de Referência | C11: Mês de Referência | K11: Acumulado (Total) | R11: Resumo por Regional
A12: 08.25 | C12: Monitoramento (Envios) | K12: Monitoramento (Envios) | R12: Regional | T12: Conisul
C13: Regional | D13: Envi. | E13: Atra. | F13: Atra. >= 2 | G13: Dup. | H13: Out. Ocor. | I13: Sem Tec. | K13: Envi. | L13: Atra. | M13: Atra. >= 2 | N13: Dup. | O13: Out. Ocor. | P13: Sem Tec. | R13: =_xlfn.CONCAT("Envios - Mês de Referência - ", A12) -> Envios - Mês de Referência - 08.25
C14: Coripa | D14: {=IFERROR(ROWS(_xlfn._xlws.FILTER(INDIRECT($A$12&"!A2:E100"),(INDIRECT($A$12&"!A2:A100")=$C14)*(INDIRECT($A$12&"!E2:E100")="Enviado"))), 0)} -> 3 | E14: {=IFERROR(ROWS(_xlfn._xlws.FILTER(INDIRECT($A$12&"!A2:E100"),(INDIRECT($A$12&"!A2:A100")=$C14)*(INDIRECT($A$12&"!E2:E100")="Atrasado"))), 0)} -> 0 | F14: {=IFERROR(ROWS(_xlfn._xlws.FILTER(INDIRECT($A$12&"!A2:E100"),(INDIRECT($A$12&"!A2:A100")=$C14)*(INDIRECT($A$12&"!E2:E100")="Atrasado >= 2"))), 0)} -> 4 | G14: {=IFERROR(ROWS(_xlfn._xlws.FILTER(INDIRECT($A$12&"!A2:E100"),(INDIRECT($A$12&"!A2:A100")=$C14)*(INDIRECT($A$12&"!E2:E100")="Duplicado"))), 0)} -> 0 | H14: {=IFERROR(ROWS(_xlfn._xlws.FILTER(INDIRECT($A$12&"!A2:E100"),(INDIRECT($A$12&"!A2:A100")=$C14)*(INDIRECT($A$12&"!E2:E100")="Outras Ocorrências"))), 0)} -> 1 | I14: {=IFERROR(ROWS(_xlfn._xlws.FILTER(INDIRECT($A$12&"!A2:E100"),(INDIRECT($A$12&"!A2:A100")=$C14)*(INDIRECT($A$12&"!E2:E100")="Sem Técnico"))), 0)} -> 0 | K14: =COUNTIF(INDIRECT("Monitoramento!$D$2:$Q$15"), "Enviado") -> 12 | L14: =COUNTIF(INDIRECT("Monitoramento!$D$2:$Q$15"), "Atrasado") -> 11 | M14: =COUNTIF(INDIRECT("Monitoramento!$D$2:$Q$15"), "Atrasado >= 2") -> 21 | N14: =COUNTIF(INDIRECT("Monitoramento!$D$2:$Q$15"), "Duplicado") -> 0 | O14: =COUNTIF(INDIRECT("Monitoramento!$D$2:$Q$15"), "Outras Ocorrências") -> 5 | P14: =COUNTIF(INDIRECT("Monitoramento!$D$2:$Q$15"), "Sem Técnico") -> 84 | R14: Enviados | S14: =VLOOKUP($T$12,$C$14:$I$18,2, FALSE) -> 6 | T14: =S14/SUM($S$14:$S$19) -> 0.46153846
C15: Comafen | D15: {=IFERROR(ROWS(_xlfn._xlws.FILTER(INDIRECT($A$12&"!A2:E100"),(INDIRECT($A$12&"!A2:A100")=$C15)*(INDIRECT($A$12&"!E2:E100")="Enviado"))), 0)} -> 2 | E15: {=IFERROR(ROWS(_xlfn._xlws.FILTER(INDIRECT($A$12&"!A2:E100"),(INDIRECT($A$12&"!A2:A100")=$C15)*(INDIRECT($A$12&"!E2:E100")="Atrasado"))), 0)} -> 0 | F15: {=IFERROR(ROWS(_xlfn._xlws.FILTER(INDIRECT($A$12&"!A2:E100"),(INDIRECT($A$12&"!A2:A100")=$C15)*(INDIRECT($A$12&"!E2:E100")="Atrasado >= 2"))), 0)} -> 9 | G15: {=IFERROR(ROWS(_xlfn._xlws.FILTER(INDIRECT($A$12&"!A2:E100"),(INDIRECT($A$12&"!A2:A100")=$C15)*(INDIRECT($A$12&"!E2:E100")="Duplicado"))), 0)} -> 0 | H15: {=IFERROR(ROWS(_xlfn._xlws.FILTER(INDIRECT($A$12&"!A2:E100"),(INDIRECT($A$12&"!A2:A100")=$C15)*(INDIRECT($A$12&"!E2:E100")="Outras Ocorrências"))), 0)} -> 0 | I15: {=IFERROR(ROWS(_xlfn._xlws.FILTER(INDIRECT($A$12&"!A2:E100"),(INDIRECT($A$12&"!A2:A100")=$C15)*(INDIRECT($A$12&"!E2:E100")="Sem Técnico"))), 0)} -> 0 | K15: =COUNTIF(INDIRECT("Monitoramento!$D$18:$Q$31"), "Enviado") -> 19 | L15: =COUNTIF(INDIRECT("Monitoramento!$D$18:$Q$31"), "Atrasado") -> 11 | M15: =COUNTIF(INDIRECT("Monitoramento!$D$18:$Q$31"), "Atrasado >= 2") -> 14 | N15: =COUNTIF(INDIRECT("Monitoramento!$D$18:$Q$31"), "Duplicado") -> 0 | O15: =COUNTIF(INDIRECT("Monitoramento!$D$18:$Q$31"), "Outras Ocorrências") -> 5 | P15: =COUNTIF(INDIRECT("Monitoramento!$D$18:$Q$31"), "Sem Técnico") -> 84 | R15: Atrasados | S15: =VLOOKUP($T$12,$C$14:$I$18,3,FALSE) -> 0 | T15: =S15/SUM($S$14:$S$19) -> 0
C16: Cibax | D16: {=IFERROR(ROWS(_xlfn._xlws.FILTER(INDIRECT($A$12&"!A2:E100"),(INDIRECT($A$12&"!A2:A100")=$C16)*(INDIRECT($A$12&"!E2:E100")="Enviado"))), 0)} -> 8 | E16: {=IFERROR(ROWS(_xlfn._xlws.FILTER(INDIRECT($A$12&"!A2:E100"),(INDIRECT($A$12&"!A2:A100")=$C16)*(INDIRECT($A$12&"!E2:E100")="Atrasado"))), 0)} -> 0 | F16: {=IFERROR(ROWS(_xlfn._xlws.FILTER(INDIRECT($A$12&"!A2:E100"),(INDIRECT($A$12&"!A2:A100")=$C16)*(INDIRECT($A$12&"!E2:E100")="Atrasado >= 2"))), 0)} -> 1 | G16: {=IFERROR(ROWS(_xlfn._xlws.FILTER(INDIRECT($A$12&"!A2:E100"),(INDIRECT($A$12&"!A2:A100")=$C16)*(INDIRECT($A$12&"!E2:E100")="Duplicado"))), 0)} -> 0 | H16: {=IFERROR(ROWS(_xlfn._xlws.FILTER(INDIRECT($A$12&"!A2:E100"),(INDIRECT($A$12&"!A2:A100")=$C16)*(INDIRECT($A$12&"!E2:E100")="Outras Ocorrências"))), 0)} -> 1 | I16: {=IFERROR(ROWS(_xlfn._xlws.FILTER(INDIRECT($A$12&"!A2:E100"),(INDIRECT($A$12&"!A2:A100")=$C16)*(INDIRECT($A$12&"!E2:E100")="Sem Técnico"))), 0)} -> 0 | K16: =COUNTIF(INDIRECT("Monitoramento!$D$34:$Q$47"), "Enviado") -> 9 | L16: =COUNTIF(INDIRECT("Monitoramento!$D$34:$Q$47"), "Atrasado") -> 6 | M16: =COUNTIF(INDIRECT("Monitoramento!$D$34:$Q$47"), "Atrasado >= 2") -> 9 | N16: =COUNTIF(INDIRECT("Monitoramento!$D$34:$Q$47"), "Duplicado") -> 0 | O16: =COUNTIF(INDIRECT("Monitoramento!$D$34:$Q$47"), "Outras Ocorrências") -> 0 | P16: =COUNTIF(INDIRECT("Monitoramento!$D$34:$Q$47"), "Sem Técnico") -> 90 | R16: Atrasados >= 2 | S16: =VLOOKUP($T$12,$C$14:$I$18,4,FALSE) -> 5 | T16: =S16/SUM($S$14:$S$19) -> 0.38461538
C17: Cifra | D17: {=IFERROR(ROWS(_xlfn._xlws.FILTER(INDIRECT($A$12&"!A2:E100"),(INDIRECT($A$12&"!A2:A100")=$C17)*(INDIRECT($A$12&"!E2:E100")="Enviado"))), 0)} -> 0 | E17: {=IFERROR(ROWS(_xlfn._xlws.FILTER(INDIRECT($A$12&"!A2:E100"),(INDIRECT($A$12&"!A2:A100")=$C17)*(INDIRECT($A$12&"!E2:E100")="Atrasado"))), 0)} -> 0 | F17: {=IFERROR(ROWS(_xlfn._xlws.FILTER(INDIRECT($A$12&"!A2:E100"),(INDIRECT($A$12&"!A2:A100")=$C17)*(INDIRECT($A$12&"!E2:E100")="Atrasado >= 2"))), 0)} -> 0 | G17: {=IFERROR(ROWS(_xlfn._xlws.FILTER(INDIRECT($A$12&"!A2:E100"),(INDIRECT($A$12&"!A2:A100")=$C17)*(INDIRECT($A$12&"!E2:E100")="Duplicado"))), 0)} -> 0 | H17: {=IFERROR(ROWS(_xlfn._xlws.FILTER(INDIRECT($A$12&"!A2:E100"),(INDIRECT($A$12&"!A2:A100")=$C17)*(INDIRECT($A$12&"!E2:E100")="Outras Ocorrências"))), 0)} -> 0 | I17: {=IFERROR(ROWS(_xlfn._xlws.FILTER(INDIRECT($A$12&"!A2:E100"),(INDIRECT($A$12&"!A2:A100")=$C17)*(INDIRECT($A$12&"!E2:E100")="Sem Técnico"))), 0)} -> 4 | K17: =COUNTIF(INDIRECT("Monitoramento!$D$50:$Q$63"), "Enviado") -> 9 | L17: =COUNTIF(INDIRECT("Monitoramento!$D$50:$Q$63"), "Atrasado") -> 5 | M17: =COUNTIF(INDIRECT("Monitoramento!$D$50:$Q$63"), "Atrasado >= 2") -> 6 | N17: =COUNTIF(INDIRECT("Monitoramento!$D$50:$Q$63"), "Duplicado") -> 1 | O17: =COUNTIF(INDIRECT("Monitoramento!$D$50:$Q$63"), "Outras Ocorrências") -> 0 | P17: =COUNTIF(INDIRECT("Monitoramento!$D$50:$Q$63"), "Sem Técnico") -> 46 | R17: Duplicados | S17: =VLOOKUP($T$12,$C$14:$I$18,5,FALSE) -> 1 | T17: =S17/SUM($S$14:$S$19) -> 0.076923077
C18: Conisul | D18: {=IFERROR(ROWS(_xlfn._xlws.FILTER(INDIRECT($A$12&"!A2:E100"),(INDIRECT($A$12&"!A2:A100")=$C18)*(INDIRECT($A$12&"!E2:E100")="Enviado"))), 0)} -> 6 | E18: {=IFERROR(ROWS(_xlfn._xlws.FILTER(INDIRECT($A$12&"!A2:E100"),(INDIRECT($A$12&"!A2:A100")=$C18)*(INDIRECT($A$12&"!E2:E100")="Atrasado"))), 0)} -> 0 | F18: {=IFERROR(ROWS(_xlfn._xlws.FILTER(INDIRECT($A$12&"!A2:E100"),(INDIRECT($A$12&"!A2:A100")=$C18)*(INDIRECT($A$12&"!E2:E100")="Atrasado >= 2"))), 0)} -> 5 | G18: {=IFERROR(ROWS(_xlfn._xlws.FILTER(INDIRECT($A$12&"!A2:E100"),(INDIRECT($A$12&"!A2:A100")=$C18)*(INDIRECT($A$12&"!E2:E100")="Duplicado"))), 0)} -> 1 | H18: {=IFERROR(ROWS(_xlfn._xlws.FILTER(INDIRECT($A$12&"!A2:E100"),(INDIRECT($A$12&"!A2:A100")=$C18)*(INDIRECT($A$12&"!E2:E100")="Outras Ocorrências"))), 0)} -> 0 | I18: {=IFERROR(ROWS(_xlfn._xlws.FILTER(INDIRECT($A$12&"!A2:E100"),(INDIRECT($A$12&"!A2:A100")=$C18)*(INDIRECT($A$12&"!E2:E100")="Sem Técnico"))), 0)} -> 1 | K18: =COUNTIF(INDIRECT("Monitoramento!$D$66:$Q$78"), "Enviado") -> 0 | L18: =COUNTIF(INDIRECT("Monitoramento!$D$66:$Q$78"), "Atrasado") -> 0 | M18: =COUNTIF(INDIRECT("Monitoramento!$D$66:$Q$78"), "Atrasado >= 2") -> 0 | N18: =COUNTIF(INDIRECT("Monitoramento!$D$66:$Q$78"), "Duplicado") -> 0 | O18: =COUNTIF(INDIRECT("Monitoramento!$D$66:$Q$78"), "Outras Ocorrências") -> 0 | P18: =COUNTIF(INDIRECT("Monitoramento!$D$66:$Q$78"), "Sem Técnico") -> 0 | R18: Outras Ocorrências | S18: =VLOOKUP($T$12,$C$14:$I$18,6,FALSE) -> 0 | T18: =S18/SUM($S$14:$S$19) -> 0
C19: Regionais (Validações) | K19: Regionais (Validações) | R19: Sem Técnico | S19: =VLOOKUP($T$12,$C$14:$I$18,7,FALSE) -> 1 | T19: =S19/SUM($S$14:$S$19) -> 0.076923077
C20: Regional | E20: Validados | G20: Não Validados | I20: % Val. | K20: Validados | M20: Não Validados | O20: % Validados | R20: % Validação | S20: =VLOOKUP($T$12,$C$21:$I$25,7,FALSE) -> 0
C21: Coripa | E21: {=IFERROR(ROWS(_xlfn._xlws.FILTER(INDIRECT($A$12&"!A2:E100"),(INDIRECT($A$12&"!A2:A100")=$C21)*(INDIRECT($A$12&"!G2:G100")="Sim"))), 0)} -> 0 | G21: {=IFERROR(ROWS(_xlfn._xlws.FILTER(INDIRECT($A$12&"!A2:E100"),(INDIRECT($A$12&"!A2:A100")=$C21)*(INDIRECT($A$12&"!G2:G100")="Não"))), 0)} -> 8 | I21: =E21/SUM(E21:H21) -> 0 | K21: =COUNTIF(INDIRECT("Regionais!D2:Q15"), "Sim") -> 84 | M21: =COUNTIF(INDIRECT("Regionais!D2:Q15"), "Não") -> 49 | O21: =IFERROR(K21/SUM(K21:N21), 0) -> 0.63157895 | R21: Envios - Acumulado (Total)
C22: Comafen | E22: {=IFERROR(ROWS(_xlfn._xlws.FILTER(INDIRECT($A$12&"!A2:E100"),(INDIRECT($A$12&"!A2:A100")=$C22)*(INDIRECT($A$12&"!G2:G100")="Sim"))), 0)} -> 0 | G22: {=IFERROR(ROWS(_xlfn._xlws.FILTER(INDIRECT($A$12&"!A2:E100"),(INDIRECT($A$12&"!A2:A100")=$C22)*(INDIRECT($A$12&"!G2:G100")="Não"))), 0)} -> 11 | I22: =E22/SUM(E22:H22) -> 0 | K22: =COUNTIF(INDIRECT("Regionais!D18:Q31"), "Sim") -> 84 | M22: =COUNTIF(INDIRECT("Regionais!D18:Q31"), "Não") -> 49 | O22: =IFERROR(K22/SUM(K22:N22), 0) -> 0.63157895 | R22: Enviados | S22: =VLOOKUP($T$12,$C$13:$P$18,9,FALSE) -> 0 | T22: =S22/SUM($S$22:$S$27) -> #DIV/0!
C23: Cibax | E23: {=IFERROR(ROWS(_xlfn._xlws.FILTER(INDIRECT($A$12&"!A2:E100"),(INDIRECT($A$12&"!A2:A100")=$C23)*(INDIRECT($A$12&"!G2:G100")="Sim"))), 0)} -> 1 | G23: {=IFERROR(ROWS(_xlfn._xlws.FILTER(INDIRECT($A$12&"!A2:E100"),(INDIRECT($A$12&"!A2:A100")=$C23)*(INDIRECT($A$12&"!G2:G100")="Não"))), 0)} -> 9 | I23: =E23/SUM(E23:H23) -> 0.1 | K23: =COUNTIF(INDIRECT("Regionais!D34:Q47"), "Sim") -> 70 | M23: =COUNTIF(INDIRECT("Regionais!D34:Q47"), "Não") -> 44 | O23: =IFERROR(K23/SUM(K23:N23), 0) -> 0.61403509 | R23: Atrasados | S23: =VLOOKUP($T$12,$C$13:$P$18,10,FALSE) -> 0 | T23: =S23/SUM($S$22:$S$27) -> #DIV/0!
C24: Cifra | E24: {=IFERROR(ROWS(_xlfn._xlws.FILTER(INDIRECT($A$12&"!A2:E100"),(INDIRECT($A$12&"!A2:A100")=$C24)*(INDIRECT($A$12&"!G2:G100")="Sim"))), 0)} -> 0 | G24: {=IFERROR(ROWS(_xlfn._xlws.FILTER(INDIRECT($A$12&"!A2:E100"),(INDIRECT($A$12&"!A2:A100")=$C24)*(INDIRECT($A$12&"!G2:G100")="Não"))), 0)} -> 4 | I24: =E24/SUM(E24:H24) -> 0 | K24: =COUNTIF(INDIRECT("Regionais!D50:Q63"), "Sim") -> 41 | M24: =COUNTIF(INDIRECT("Regionais!D50:Q63"), "Não") -> 26 | O24: =IFERROR(K24/SUM(K24:N24), 0) -> 0.6119403 | R24: Atrasados >= 2 | S24: =VLOOKUP($T$12,$C$13:$P$18,11,FALSE) -> 0 | T24: =S24/SUM($S$22:$S$27) -> #DIV/0!
C25: Conisul | E25: {=IFERROR(ROWS(_xlfn._xlws.FILTER(INDIRECT($A$12&"!A2:E100"),(INDIRECT($A$12&"!A2:A100")=$C25)*(INDIRECT($A$12&"!G2:G100")="Sim"))), 0)} -> 0 | G25: {=IFERROR(ROWS(_xlfn._xlws.FILTER(INDIRECT($A$12&"!A2:E100"),(INDIRECT($A$12&"!A2:A100")=$C25)*(INDIRECT($A$12&"!G2:G100")="Não"))), 0)} -> 13 | I25: =E25/SUM(E25:H25) -> 0 | K25: =COUNTIF(INDIRECT("Regionais!D66:Q78"), "Sim") -> 0 | M25: =COUNTIF(INDIRECT("Regionais!D66:Q78"), "Não") -> 0 | O25: =IFERROR(K25/SUM(K25:N25), 0) -> 0 | R25: Duplicados | S25: =VLOOKUP($T$12,$C$13:$P$18,12,FALSE) -> 0 | T25: =S25/SUM($S$22:$S$27) -> #DIV/0!
R26: Outras Ocorrências | S26: =VLOOKUP($T$12,$C$13:$P$18,13,FALSE) -> 0 | T26: =S26/SUM($S$22:$S$27) -> #DIV/0!
R27: Sem Técnico | S27: =VLOOKUP($T$12,$C$13:$P$18,14,FALSE) -> 0 | T27: =S27/SUM($S$22:$S$27) -> #DIV/0!
R28: % Validação | S28: =VLOOKUP($T$12,$C$20:$P$25,13,FALSE) -> 0

Sheet Monitoramento
A1: Regional | B1: Municípios | C1: UVR | D1: 01.25 | E1: 02.25 | F1: 03.25 | G1: 04.25 | H1: 05.25 | I1: 06.25 | J1: 07.25 | K1: 08.25 | L1: 09.25 | M1: 10.25 | N1: 11.25 | O1: 12.25
A2: Coripa | B2: Alto Paraíso | C2: 1 | D2: {=IF( VLOOKUP( $A2, _xlfn._xlws.FILTER( INDIRECT("'"&D$1&"'!A2:E1000"), (INDIRECT("'"&D$1&"'!B2:B1000")=$B2) * (INDIRECT("'"&D$1&"'!C2:C1000")=$C2) ), 5, FALSE )=0, "", VLOOKUP( $A2, _xlfn._xlws.FILTER( INDIRECT("'"&D$1&"'!A2:E1000"), (INDIRECT("'"&D$1&"'!B2:B1000")=$B2) * (INDIRECT("'"&D$1&"'!C2:C1000")=$C2) ), 5, FALSE ) )} -> Sem Técnico | E2: {=IF( VLOOKUP( $A2, _xlfn._xlws.FILTER( INDIRECT("'"&E$1&"'!A2:E1000"), (INDIRECT("'"&E$1&"'!B2:B1000")=$B2) * (INDIRECT("'"&E$1&"'!C2:C1000")=$C2) ), 5, FALSE )=0, "", VLOOKUP( $A2, _xlfn._xlws.FILTER( INDIRECT("'"&E$1&"'!A2:E1000"), (INDIRECT("'"&E$1&"'!B2:B1000")=$B2) * (INDIRECT("'"&E$1&"'!C2:C1000")=$C2) ), 5, FALSE ) )} -> Sem Técnico | F2: {=IF( VLOOKUP( $A2, _xlfn._xlws.FILTER( INDIRECT("'"&F$1&"'!A2:E1000"), (INDIRECT("'"&F$1&"'!B2:B1000")=$B2) * (INDIRECT("'"&F$1&"'!C2:C1000")=$C2) ), 5, FALSE )=0, "", VLOOKUP( $A2, _xlfn._xlws.FILTER( INDIRECT("'"&F$1&"'!A2:E1000"), (INDIRECT("'"&F$1&"'!B2:B1000")=$B2) * (INDIRECT("'"&F$1&"'!C2:C1000")=$C2) ), 5, FALSE ) )} -> Sem Técnico | G2: {=IF( VLOOKUP( $A2, _xlfn._xlws.FILTER( INDIRECT("'"&G$1&"'!A2:E1000"), (INDIRECT("'"&G$1&"'!B2:B1000")=$B2) * (INDIRECT("'"&G$1&"'!C2:C1000")=$C2) ), 5, FALSE )=0, "", VLOOKUP( $A2, _xlfn._xlws.FILTER( INDIRECT("'"&G$1&"'!A2:E1000"), (INDIRECT("'"&G$1&"'!B2:B1000")=$B2) * (INDIRECT("'"&G$1&"'!C2:C1000")=$C2) ), 5, FALSE ) )} -> Sem Técnico | H2: {=IF( VLOOKUP( $A2, _xlfn._xlws.FILTER( INDIRECT("'"&H$1&"'!A2:E1000"), (INDIRECT("'"&H$1&"'!B2:B1000")=$B2) * (INDIRECT("'"&H$1&"'!C2:C1000")=$C2) ), 5, FALSE )=0, "", VLOOKUP( $A2, _xlfn._xlws.FILTER( INDIRECT("'"&H$1&"'!A2:E1000"), (INDIRECT("'"&H$1&"'!B2:B1000")=$B2) * (INDIRECT("'"&H$1&"'!C2:C1000")=$C2) ), 5, FALSE ) )} -> Sem Técnico | I2: {=IF( VLOOKUP( $A2, _xlfn._xlws.FILTER( INDIRECT("'"&I$1&"'!A2:E1000"), (INDIRECT("'"&I$1&"'!B2:B1000")=$B2) * (INDIRECT("'"&I$1&"'!C2:C1000")=$C2) ), 5, FALSE )=0, "", VLOOKUP( $A2, _xlfn._xlws.FILTER( INDIRECT("'"&I$1&"'!A2:E1000"), (INDIRECT("'"&I$1&"'!B2:B1000")=$B2) * (INDIRECT("'"&I$1&"'!C2:C1000")=$C2) ), 5, FALSE ) )} -> Sem Técnico | J2: {=IF( VLOOKUP( $A2, _xlfn._xlws.FILTER( INDIRECT("'"&J$1&"'!A2:E1000"), (INDIRECT("'"&J$1&"'!B2:B1000")=$B2) * (INDIRECT("'"&J$1&"'!C2:C1000")=$C2) ), 5, FALSE )=0, "", VLOOKUP( $A2, _xlfn._xlws.FILTER( INDIRECT("'"&J$1&"'!A2:E1000"), (INDIRECT("'"&J$1&"'!B2:B1000")=$B2) * (INDIRECT("'"&J$1&"'!C2:C1000")=$C2) ), 5, FALSE ) )} -> Sem Técnico | K2: {=IF( VLOOKUP( $A2, _xlfn._xlws.FILTER( INDIRECT("'"&K$1&"'!A2:E1000"), (INDIRECT("'"&K$1&"'!B2:B1000")=$B2) * (INDIRECT("'"&K$1&"'!C2:C1000")=$C2) ), 5, FALSE )=0, "", VLOOKUP( $A2, _xlfn._xlws.FILTER( INDIRECT("'"&K$1&"'!A2:E1000"), (INDIRECT("'"&K$1&"'!B2:B1000")=$B2) * (INDIRECT("'"&K$1&"'!C2:C1000")=$C2) ), 5, FALSE ) )} -> Outras Ocorrências | ... O2: {=IF( VLOOKUP( $A2, _xlfn._xlws.FILTER( INDIRECT("'"&O$1&"'!A2:E1000"), (INDIRECT("'"&O$1&"'!B2:B1000")=$B2) * (INDIRECT("'"&O$1&"'!C2:C1000")=$C2) ), 5, FALSE )=0, "", VLOOKUP( $A2, _xlfn._xlws.FILTER( INDIRECT("'"&O$1&"'!A2:E1000"), (INDIRECT("'"&O$1&"'!B2:B1000")=$B2) * (INDIRECT("'"&O$1&"'!C2:C1000")=$C2) ), 5, FALSE ) )} -> Outras Ocorrências
A3: Coripa | B3: Douradina | C3: 1 | D3: {=IF( VLOOKUP( $A3, _xlfn._xlws.FILTER( INDIRECT("'"&D$1&"'!A2:E1000"), (INDIRECT("'"&D$1&"'!B2:B1000")=$B3) * (INDIRECT("'"&D$1&"'!C2:C1000")=$C3) ), 5, FALSE )=0, "", VLOOKUP( $A3, _xlfn._xlws.FILTER( INDIRECT("'"&D$1&"'!A2:E1000"), (INDIRECT("'"&D$1&"'!B2:B1000")=$B3) * (INDIRECT("'"&D$1&"'!C2:C1000")=$C3) ), 5, FALSE ) )} -> Sem Técnico | E3: {=IF( VLOOKUP( $A3, _xlfn._xlws.FILTER( INDIRECT("'"&E$1&"'!A2:E1000"), (INDIRECT("'"&E$1&"'!B2:B1000")=$B3) * (INDIRECT("'"&E$1&"'!C2:C1000")=$C3) ), 5, FALSE )=0, "", VLOOKUP( $A3, _xlfn._xlws.FILTER( INDIRECT("'"&E$1&"'!A2:E1000"), (INDIRECT("'"&E$1&"'!B2:B1000")=$B3) * (INDIRECT("'"&E$1&"'!C2:C1000")=$C3) ), 5, FALSE ) )} -> Sem Técnico | F3: {=IF( VLOOKUP( $A3, _xlfn._xlws.FILTER( INDIRECT("'"&F$1&"'!A2:E1000"), (INDIRECT("'"&F$1&"'!B2:B1000")=$B3) * (INDIRECT("'"&F$1&"'!C2:C1000")=$C3) ), 5, FALSE )=0, "", VLOOKUP( $A3, _xlfn._xlws.FILTER( INDIRECT("'"&F$1&"'!A2:E1000"), (INDIRECT("'"&F$1&"'!B2:B1000")=$B3) * (INDIRECT("'"&F$1&"'!C2:C1000")=$C3) ), 5, FALSE ) )} -> Sem Técnico | G3: {=IF( VLOOKUP( $A3, _xlfn._xlws.FILTER( INDIRECT("'"&G$1&"'!A2:E1000"), (INDIRECT("'"&G$1&"'!B2:B1000")=$B3) * (INDIRECT("'"&G$1&"'!C2:C1000")=$C3) ), 5, FALSE )=0, "", VLOOKUP( $A3, _xlfn._xlws.FILTER( INDIRECT("'"&G$1&"'!A2:E1000"), (INDIRECT("'"&G$1&"'!B2:B1000")=$B3) * (INDIRECT("'"&G$1&"'!C2:C1000")=$C3) ), 5, FALSE ) )} -> Sem Técnico | H3: {=IF( VLOOKUP( $A3, _xlfn._xlws.FILTER( INDIRECT("'"&H$1&"'!A2:E1000"), (INDIRECT("'"&H$1&"'!B2:B1000")=$B3) * (INDIRECT("'"&H$1&"'!C2:C1000")=$C3) ), 5, FALSE )=0, "", VLOOKUP( $A3, _xlfn._xlws.FILTER( INDIRECT("'"&H$1&"'!A2:E1000"), (INDIRECT("'"&H$1&"'!B2:B1000")=$B3) * (INDIRECT("'"&H$1&"'!C2:C1000")=$C3) ), 5, FALSE ) )} -> Sem Técnico | I3: {=IF( VLOOKUP( $A3, _xlfn._xlws.FILTER( INDIRECT("'"&I$1&"'!A2:E1000"), (INDIRECT("'"&I$1&"'!B2:B1000")=$B3) * (INDIRECT("'"&I$1&"'!C2:C1000")=$C3) ), 5, FALSE )=0, "", VLOOKUP( $A3, _xlfn._xlws.FILTER( INDIRECT("'"&I$1&"'!A2:E1000"), (INDIRECT("'"&I$1&"'!B2:B1000")=$B3) * (INDIRECT("'"&I$1&"'!C2:C1000")=$C3) ), 5, FALSE ) )} -> Sem Técnico | J3: {=IF( VLOOKUP( $A3, _xlfn._xlws.FILTER( INDIRECT("'"&J$1&"'!A2:E1000"), (INDIRECT("'"&J$1&"'!B2:B1000")=$B3) * (INDIRECT("'"&J$1&"'!C2:C1000")=$C3) ), 5, FALSE )=0, "", VLOOKUP( $A3, _xlfn._xlws.FILTER( INDIRECT("'"&J$1&"'!A2:E1000"), (INDIRECT("'"&J$1&"'!B2:B1000")=$B3) * (INDIRECT("'"&J$1&"'!C2:C1000")=$C3) ), 5, FALSE ) )} -> Sem Técnico | K3: {=IF( VLOOKUP( $A3, _xlfn._xlws.FILTER( INDIRECT("'"&K$1&"'!A2:E1000"), (INDIRECT("'"&K$1&"'!B2:B1000")=$B3) * (INDIRECT("'"&K$1&"'!C2:C1000")=$C3) ), 5, FALSE )=0, "", VLOOKUP( $A3, _xlfn._xlws.FILTER( INDIRECT("'"&K$1&"'!A2:E1000"), (INDIRECT("'"&K$1&"'!B2:B1000")=$B3) * (INDIRECT("'"&K$1&"'!C2:C1000")=$C3) ), 5, FALSE ) )} -> Enviado | ... O3: {=IF( VLOOKUP( $A3, _xlfn._xlws.FILTER( INDIRECT("'"&O$1&"'!A2:E1000"), (INDIRECT("'"&O$1&"'!B2:B1000")=$B3) * (INDIRECT("'"&O$1&"'!C2:C1000")=$C3) ), 5, FALSE )=0, "", VLOOKUP( $A3, _xlfn._xlws.FILTER( INDIRECT("'"&O$1&"'!A2:E1000"), (INDIRECT("'"&O$1&"'!B2:B1000")=$B3) * (INDIRECT("'"&O$1&"'!C2:C1000")=$C3) ), 5, FALSE ) )}
A4: Coripa | B4: Esperança Nova | C4: 1 | D4: {=IF( VLOOKUP( $A4, _xlfn._xlws.FILTER( INDIRECT("'"&D$1&"'!A2:E1000"), (INDIRECT("'"&D$1&"'!B2:B1000")=$B4) * (INDIRECT("'"&D$1&"'!C2:C1000")=$C4) ), 5, FALSE )=0, "", VLOOKUP( $A4, _xlfn._xlws.FILTER( INDIRECT("'"&D$1&"'!A2:E1000"), (INDIRECT("'"&D$1&"'!B2:B1000")=$B4) * (INDIRECT("'"&D$1&"'!C2:C1000")=$C4) ), 5, FALSE ) )} -> Sem Técnico | E4: {=IF( VLOOKUP( $A4, _xlfn._xlws.FILTER( INDIRECT("'"&E$1&"'!A2:E1000"), (INDIRECT("'"&E$1&"'!B2:B1000")=$B4) * (INDIRECT("'"&E$1&"'!C2:C1000")=$C4) ), 5, FALSE )=0, "", VLOOKUP( $A4, _xlfn._xlws.FILTER( INDIRECT("'"&E$1&"'!A2:E1000"), (INDIRECT("'"&E$1&"'!B2:B1000")=$B4) * (INDIRECT("'"&E$1&"'!C2:C1000")=$C4) ), 5, FALSE ) )} -> Sem Técnico | F4: {=IF( VLOOKUP( $A4, _xlfn._xlws.FILTER( INDIRECT("'"&F$1&"'!A2:E1000"), (INDIRECT("'"&F$1&"'!B2:B1000")=$B4) * (INDIRECT("'"&F$1&"'!C2:C1000")=$C4) ), 5, FALSE )=0, "", VLOOKUP( $A4, _xlfn._xlws.FILTER( INDIRECT("'"&F$1&"'!A2:E1000"), (INDIRECT("'"&F$1&"'!B2:B1000")=$B4) * (INDIRECT("'"&F$1&"'!C2:C1000")=$C4) ), 5, FALSE ) )} -> Sem Técnico | G4: {=IF( VLOOKUP( $A4, _xlfn._xlws.FILTER( INDIRECT("'"&G$1&"'!A2:E1000"), (INDIRECT("'"&G$1&"'!B2:B1000")=$B4) * (INDIRECT("'"&G$1&"'!C2:C1000")=$C4) ), 5, FALSE )=0, "", VLOOKUP( $A4, _xlfn._xlws.FILTER( INDIRECT("'"&G$1&"'!A2:E1000"), (INDIRECT("'"&G$1&"'!B2:B1000")=$B4) * (INDIRECT("'"&G$1&"'!C2:C1000")=$C4) ), 5, FALSE ) )} -> Sem Técnico | H4: {=IF( VLOOKUP( $A4, _xlfn._xlws.FILTER( INDIRECT("'"&H$1&"'!A2:E1000"), (INDIRECT("'"&H$1&"'!B2:B1000")=$B4) * (INDIRECT("'"&H$1&"'!C2:C1000")=$C4) ), 5, FALSE )=0, "", VLOOKUP( $A4, _xlfn._xlws.FILTER( INDIRECT("'"&H$1&"'!A2:E1000"), (INDIRECT("'"&H$1&"'!B2:B1000")=$B4) * (INDIRECT("'"&H$1&"'!C2:C1000")=$C4) ), 5, FALSE ) )} -> Sem Técnico | I4: {=IF( VLOOKUP( $A4, _xlfn._xlws.FILTER( INDIRECT("'"&I$1&"'!A2:E1000"), (INDIRECT("'"&I$1&"'!B2:B1000")=$B4) * (INDIRECT("'"&I$1&"'!C2:C1000")=$C4) ), 5, FALSE )=0, "", VLOOKUP( $A4, _xlfn._xlws.FILTER( INDIRECT("'"&I$1&"'!A2:E1000"), (INDIRECT("'"&I$1&"'!B2:B1000")=$B4) * (INDIRECT("'"&I$1&"'!C2:C1000")=$C4) ), 5, FALSE ) )} -> Sem Técnico | J4: {=IF( VLOOKUP( $A4, _xlfn._xlws.FILTER( INDIRECT("'"&J$1&"'!A2:E1000"), (INDIRECT("'"&J$1&"'!B2:B1000")=$B4) * (INDIRECT("'"&J$1&"'!C2:C1000")=$C4) ), 5, FALSE )=0, "", VLOOKUP( $A4, _xlfn._xlws.FILTER( INDIRECT("'"&J$1&"'!A2:E1000"), (INDIRECT("'"&J$1&"'!B2:B1000")=$B4) * (INDIRECT("'"&J$1&"'!C2:C1000")=$C4) ), 5, FALSE ) )} -> Sem Técnico | K4: {=IF( VLOOKUP( $A4, _xlfn._xlws.FILTER( INDIRECT("'"&K$1&"'!A2:E1000"), (INDIRECT("'"&K$1&"'!B2:B1000")=$B4) * (INDIRECT("'"&K$1&"'!C2:C1000")=$C4) ), 5, FALSE )=0, "", VLOOKUP( $A4, _xlfn._xlws.FILTER( INDIRECT("'"&K$1&"'!A2:E1000"), (INDIRECT("'"&K$1&"'!B2:B1000")=$B4) * (INDIRECT("'"&K$1&"'!C2:C1000")=$C4) ), 5, FALSE ) )} -> Atrasado >= 2 | ... O4: {=IF( VLOOKUP( $A4, _xlfn._xlws.FILTER( INDIRECT("'"&O$1&"'!A2:E1000"), (INDIRECT("'"&O$1&"'!B2:B1000")=$B4) * (INDIRECT("'"&O$1&"'!C2:C1000")=$C4) ), 5, FALSE )=0, "", VLOOKUP( $A4, _xlfn._xlws.FILTER( INDIRECT("'"&O$1&"'!A2:E1000"), (INDIRECT("'"&O$1&"'!B2:B1000")=$B4) * (INDIRECT("'"&O$1&"'!C2:C1000")=$C4) ), 5, FALSE ) )}
A5: Coripa | B5: Icaraíma | C5: 1 | D5: {=IF( VLOOKUP( $A5, _xlfn._xlws.FILTER( INDIRECT("'"&D$1&"'!A2:E1000"), (INDIRECT("'"&D$1&"'!B2:B1000")=$B5) * (INDIRECT("'"&D$1&"'!C2:C1000")=$C5) ), 5, FALSE )=0, "", VLOOKUP( $A5, _xlfn._xlws.FILTER( INDIRECT("'"&D$1&"'!A2:E1000"), (INDIRECT("'"&D$1&"'!B2:B1000")=$B5) * (INDIRECT("'"&D$1&"'!C2:C1000")=$C5) ), 5, FALSE ) )} -> Sem Técnico | E5: {=IF( VLOOKUP( $A5, _xlfn._xlws.FILTER( INDIRECT("'"&E$1&"'!A2:E1000"), (INDIRECT("'"&E$1&"'!B2:B1000")=$B5) * (INDIRECT("'"&E$1&"'!C2:C1000")=$C5) ), 5, FALSE )=0, "", VLOOKUP( $A5, _xlfn._xlws.FILTER( INDIRECT("'"&E$1&"'!A2:E1000"), (INDIRECT("'"&E$1&"'!B2:B1000")=$B5) * (INDIRECT("'"&E$1&"'!C2:C1000")=$C5) ), 5, FALSE ) )} -> Sem Técnico | F5: {=IF( VLOOKUP( $A5, _xlfn._xlws.FILTER( INDIRECT("'"&F$1&"'!A2:E1000"), (INDIRECT("'"&F$1&"'!B2:B1000")=$B5) * (INDIRECT("'"&F$1&"'!C2:C1000")=$C5) ), 5, FALSE )=0, "", VLOOKUP( $A5, _xlfn._xlws.FILTER( INDIRECT("'"&F$1&"'!A2:E1000"), (INDIRECT("'"&F$1&"'!B2:B1000")=$B5) * (INDIRECT("'"&F$1&"'!C2:C1000")=$C5) ), 5, FALSE ) )} -> Sem Técnico | G5: {=IF( VLOOKUP( $A5, _xlfn._xlws.FILTER( INDIRECT("'"&G$1&"'!A2:E1000"), (INDIRECT("'"&G$1&"'!B2:B1000")=$B5) * (INDIRECT("'"&G$1&"'!C2:C1000")=$C5) ), 5, FALSE )=0, "", VLOOKUP( $A5, _xlfn._xlws.FILTER( INDIRECT("'"&G$1&"'!A2:E1000"), (INDIRECT("'"&G$1&"'!B2:B1000")=$B5) * (INDIRECT("'"&G$1&"'!C2:C1000")=$C5) ), 5, FALSE ) )} -> Sem Técnico | H5: {=IF( VLOOKUP( $A5, _xlfn._xlws.FILTER( INDIRECT("'"&H$1&"'!A2:E1000"), (INDIRECT("'"&H$1&"'!B2:B1000")=$B5) * (INDIRECT("'"&H$1&"'!C2:C1000")=$C5) ), 5, FALSE )=0, "", VLOOKUP( $A5, _xlfn._xlws.FILTER( INDIRECT("'"&H$1&"'!A2:E1000"), (INDIRECT("'"&H$1&"'!B2:B1000")=$B5) * (INDIRECT("'"&H$1&"'!C2:C1000")=$C5) ), 5, FALSE ) )} -> Sem Técnico | I5: {=IF( VLOOKUP( $A5, _xlfn._xlws.FILTER( INDIRECT("'"&I$1&"'!A2:E1000"), (INDIRECT("'"&I$1&"'!B2:B1000")=$B5) * (INDIRECT("'"&I$1&"'!C2:C1000")=$C5) ), 5, FALSE )=0, "", VLOOKUP( $A5, _xlfn._xlws.FILTER( INDIRECT("'"&I$1&"'!A2:E1000"), (INDIRECT("'"&I$1&"'!B2:B1000")=$B5) * (INDIRECT("'"&I$1&"'!C2:C1000")=$C5) ), 5, FALSE ) )} -> Sem Técnico | J5: {=IF( VLOOKUP( $A5, _xlfn._xlws.FILTER( INDIRECT("'"&J$1&"'!A2:E1000"), (INDIRECT("'"&J$1&"'!B2:B1000")=$B5) * (INDIRECT("'"&J$1&"'!C2:C1000")=$C5) ), 5, FALSE )=0, "", VLOOKUP( $A5, _xlfn._xlws.FILTER( INDIRECT("'"&J$1&"'!A2:E1000"), (INDIRECT("'"&J$1&"'!B2:B1000")=$B5) * (INDIRECT("'"&J$1&"'!C2:C1000")=$C5) ), 5, FALSE ) )} -> Sem Técnico | K5: {=IF( VLOOKUP( $A5, _xlfn._xlws.FILTER( INDIRECT("'"&K$1&"'!A2:E1000"), (INDIRECT("'"&K$1&"'!B2:B1000")=$B5) * (INDIRECT("'"&K$1&"'!C2:C1000")=$C5) ), 5, FALSE )=0, "", VLOOKUP( $A5, _xlfn._xlws.FILTER( INDIRECT("'"&K$1&"'!A2:E1000"), (INDIRECT("'"&K$1&"'!B2:B1000")=$B5) * (INDIRECT("'"&K$1&"'!C2:C1000")=$C5) ), 5, FALSE ) )} -> Enviado | ... O5: {=IF( VLOOKUP( $A5, _xlfn._xlws.FILTER( INDIRECT("'"&O$1&"'!A2:E1000"), (INDIRECT("'"&O$1&"'!B2:B1000")=$B5) * (INDIRECT("'"&O$1&"'!C2:C1000")=$C5) ), 5, FALSE )=0, "", VLOOKUP( $A5, _xlfn._xlws.FILTER( INDIRECT("'"&O$1&"'!A2:E1000"), (INDIRECT("'"&O$1&"'!B2:B1000")=$B5) * (INDIRECT("'"&O$1&"'!C2:C1000")=$C5) ), 5, FALSE ) )}
A6: Coripa | B6: Maria Helena | C6: 1 | D6: {=IF( VLOOKUP( $A6, _xlfn._xlws.FILTER( INDIRECT("'"&D$1&"'!A2:E1000"), (INDIRECT("'"&D$1&"'!B2:B1000")=$B6) * (INDIRECT("'"&D$1&"'!C2:C1000")=$C6) ), 5, FALSE )=0, "", VLOOKUP( $A6, _xlfn._xlws.FILTER( INDIRECT("'"&D$1&"'!A2:E1000"), (INDIRECT("'"&D$1&"'!B2:B1000")=$B6) * (INDIRECT("'"&D$1&"'!C2:C1000")=$C6) ), 5, FALSE ) )} -> Sem Técnico | E6: {=IF( VLOOKUP( $A6, _xlfn._xlws.FILTER( INDIRECT("'"&E$1&"'!A2:E1000"), (INDIRECT("'"&E$1&"'!B2:B1000")=$B6) * (INDIRECT("'"&E$1&"'!C2:C1000")=$C6) ), 5, FALSE )=0, "", VLOOKUP( $A6, _xlfn._xlws.FILTER( INDIRECT("'"&E$1&"'!A2:E1000"), (INDIRECT("'"&E$1&"'!B2:B1000")=$B6) * (INDIRECT("'"&E$1&"'!C2:C1000")=$C6) ), 5, FALSE ) )} -> Sem Técnico | F6: {=IF( VLOOKUP( $A6, _xlfn._xlws.FILTER( INDIRECT("'"&F$1&"'!A2:E1000"), (INDIRECT("'"&F$1&"'!B2:B1000")=$B6) * (INDIRECT("'"&F$1&"'!C2:C1000")=$C6) ), 5, FALSE )=0, "", VLOOKUP( $A6, _xlfn._xlws.FILTER( INDIRECT("'"&F$1&"'!A2:E1000"), (INDIRECT("'"&F$1&"'!B2:B1000")=$B6) * (INDIRECT("'"&F$1&"'!C2:C1000")=$C6) ), 5, FALSE ) )} -> Sem Técnico | G6: {=IF( VLOOKUP( $A6, _xlfn._xlws.FILTER( INDIRECT("'"&G$1&"'!A2:E1000"), (INDIRECT("'"&G$1&"'!B2:B1000")=$B6) * (INDIRECT("'"&G$1&"'!C2:C1000")=$C6) ), 5, FALSE )=0, "", VLOOKUP( $A6, _xlfn._xlws.FILTER( INDIRECT("'"&G$1&"'!A2:E1000"), (INDIRECT("'"&G$1&"'!B2:B1000")=$B6) * (INDIRECT("'"&G$1&"'!C2:C1000")=$C6) ), 5, FALSE ) )} -> Sem Técnico | H6: {=IF( VLOOKUP( $A6, _xlfn._xlws.FILTER( INDIRECT("'"&H$1&"'!A2:E1000"), (INDIRECT("'"&H$1&"'!B2:B1000")=$B6) * (INDIRECT("'"&H$1&"'!C2:C1000")=$C6) ), 5, FALSE )=0, "", VLOOKUP( $A6, _xlfn._xlws.FILTER( INDIRECT("'"&H$1&"'!A2:E1000"), (INDIRECT("'"&H$1&"'!B2:B1000")=$B6) * (INDIRECT("'"&H$1&"'!C2:C1000")=$C6) ), 5, FALSE ) )} -> Sem Técnico | I6: {=IF( VLOOKUP( $A6, _xlfn._xlws.FILTER( INDIRECT("'"&I$1&"'!A2:E1000"), (INDIRECT("'"&I$1&"'!B2:B1000")=$B6) * (INDIRECT("'"&I$1&"'!C2:C1000")=$C6) ), 5, FALSE )=0, "", VLOOKUP( $A6, _xlfn._xlws.FILTER( INDIRECT("'"&I$1&"'!A2:E1000"), (INDIRECT("'"&I$1&"'!B2:B1000")=$B6) * (INDIRECT("'"&I$1&"'!C2:C1000")=$C6) ), 5, FALSE ) )} -> Sem Técnico | J6: {=IF( VLOOKUP( $A6, _xlfn._xlws.FILTER( INDIRECT("'"&J$1&"'!A2:E1000"), (INDIRECT("'"&J$1&"'!B2:B1000")=$B6) * (INDIRECT("'"&J$1&"'!C2:C1000")=$C6) ), 5, FALSE )=0, "", VLOOKUP( $A6, _xlfn._xlws.FILTER( INDIRECT("'"&J$1&"'!A2:E1000"), (INDIRECT("'"&J$1&"'!B2:B1000")=$B6) * (INDIRECT("'"&J$1&"'!C2:C1000")=$C6) ), 5, FALSE ) )} -> Sem Técnico | K6: {=IF( VLOOKUP( $A6, _xlfn._xlws.FILTER( INDIRECT("'"&K$1&"'!A2:E1000"), (INDIRECT("'"&K$1&"'!B2:B1000")=$B6) * (INDIRECT("'"&K$1&"'!C2:C1000")=$C6) ), 5, FALSE )=0, "", VLOOKUP( $A6, _xlfn._xlws.FILTER( INDIRECT("'"&K$1&"'!A2:E1000"), (INDIRECT("'"&K$1&"'!B2:B1000")=$B6) * (INDIRECT("'"&K$1&"'!C2:C1000")=$C6) ), 5, FALSE ) )} -> Atrasado >= 2 | ... O6: {=IF( VLOOKUP( $A6, _xlfn._xlws.FILTER( INDIRECT("'"&O$1&"'!A2:E1000"), (INDIRECT("'"&O$1&"'!B2:B1000")=$B6) * (INDIRECT("'"&O$1&"'!C2:C1000")=$C6) ), 5, FALSE )=0, "", VLOOKUP( $A6, _xlfn._xlws.FILTER( INDIRECT("'"&O$1&"'!A2:E1000"), (INDIRECT("'"&O$1&"'!B2:B1000")=$B6) * (INDIRECT("'"&O$1&"'!C2:C1000")=$C6) ), 5, FALSE ) )}
A7: Coripa | B7: Nova Olimpia | C7: 1 | D7: {=IF( VLOOKUP( $A7, _xlfn._xlws.FILTER( INDIRECT("'"&D$1&"'!A2:E1000"), (INDIRECT("'"&D$1&"'!B2:B1000")=$B7) * (INDIRECT("'"&D$1&"'!C2:C1000")=$C7) ), 5, FALSE )=0, "", VLOOKUP( $A7, _xlfn._xlws.FILTER( INDIRECT("'"&D$1&"'!A2:E1000"), (INDIRECT("'"&D$1&"'!B2:B1000")=$B7) * (INDIRECT("'"&D$1&"'!C2:C1000")=$C7) ), 5, FALSE ) )} -> Sem Técnico | E7: {=IF( VLOOKUP( $A7, _xlfn._xlws.FILTER( INDIRECT("'"&E$1&"'!A2:E1000"), (INDIRECT("'"&E$1&"'!B2:B1000")=$B7) * (INDIRECT("'"&E$1&"'!C2:C1000")=$C7) ), 5, FALSE )=0, "", VLOOKUP( $A7, _xlfn._xlws.FILTER( INDIRECT("'"&E$1&"'!A2:E1000"), (INDIRECT("'"&E$1&"'!B2:B1000")=$B7) * (INDIRECT("'"&E$1&"'!C2:C1000")=$C7) ), 5, FALSE ) )} -> Sem Técnico | F7: {=IF( VLOOKUP( $A7, _xlfn._xlws.FILTER( INDIRECT("'"&F$1&"'!A2:E1000"), (INDIRECT("'"&F$1&"'!B2:B1000")=$B7) * (INDIRECT("'"&F$1&"'!C2:C1000")=$C7) ), 5, FALSE )=0, "", VLOOKUP( $A7, _xlfn._xlws.FILTER( INDIRECT("'"&F$1&"'!A2:E1000"), (INDIRECT("'"&F$1&"'!B2:B1000")=$B7) * (INDIRECT("'"&F$1&"'!C2:C1000")=$C7) ), 5, FALSE ) )} -> Sem Técnico | G7: {=IF( VLOOKUP( $A7, _xlfn._xlws.FILTER( INDIRECT("'"&G$1&"'!A2:E1000"), (INDIRECT("'"&G$1&"'!B2:B1000")=$B7) * (INDIRECT("'"&G$1&"'!C2:C1000")=$C7) ), 5, FALSE )=0, "", VLOOKUP( $A7, _xlfn._xlws.FILTER( INDIRECT("'"&G$1&"'!A2:E1000"), (INDIRECT("'"&G$1&"'!B2:B1000")=$B7) * (INDIRECT("'"&G$1&"'!C2:C1000")=$C7) ), 5, FALSE ) )} -> Sem Técnico | H7: {=IF( VLOOKUP( $A7, _xlfn._xlws.FILTER( INDIRECT("'"&H$1&"'!A2:E1000"), (INDIRECT("'"&H$1&"'!B2:B1000")=$B7) * (INDIRECT("'"&H$1&"'!C2:C1000")=$C7) ), 5, FALSE )=0, "", VLOOKUP( $A7, _xlfn._xlws.FILTER( INDIRECT("'"&H$1&"'!A2:E1000"), (INDIRECT("'"&H$1&"'!B2:B1000")=$B7) * (INDIRECT("'"&H$1&"'!C2:C1000")=$C7) ), 5, FALSE ) )} -> Sem Técnico | I7: {=IF( VLOOKUP( $A7, _xlfn._xlws.FILTER( INDIRECT("'"&I$1&"'!A2:E1000"), (INDIRECT("'"&I$1&"'!B2:B1000")=$B7) * (INDIRECT("'"&I$1&"'!C2:C1000")=$C7) ), 5, FALSE )=0, "", VLOOKUP( $A7, _xlfn._xlws.FILTER( INDIRECT("'"&I$1&"'!A2:E1000"), (INDIRECT("'"&I$1&"'!B2:B1000")=$B7) * (INDIRECT("'"&I$1&"'!C2:C1000")=$C7) ), 5, FALSE ) )} -> Sem Técnico | J7: {=IF( VLOOKUP( $A7, _xlfn._xlws.FILTER( INDIRECT("'"&J$1&"'!A2:E1000"), (INDIRECT("'"&J$1&"'!B2:B1000")=$B7) * (INDIRECT("'"&J$1&"'!C2:C1000")=$C7) ), 5, FALSE )=0, "", VLOOKUP( $A7, _xlfn._xlws.FILTER( INDIRECT("'"&J$1&"'!A2:E1000"), (INDIRECT("'"&J$1&"'!B2:B1000")=$B7) * (INDIRECT("'"&J$1&"'!C2:C1000")=$C7) ), 5, FALSE ) )} -> Sem Técnico | K7: {=IF( VLOOKUP( $A7, _xlfn._xlws.FILTER( INDIRECT("'"&K$1&"'!A2:E1000"), (INDIRECT("'"&K$1&"'!B2:B1000")=$B7) * (INDIRECT("'"&K$1&"'!C2:C1000")=$C7) ), 5, FALSE )=0, "", VLOOKUP( $A7, _xlfn._xlws.FILTER( INDIRECT("'"&K$1&"'!A2:E1000"), (INDIRECT("'"&K$1&"'!B2:B1000")=$B7) * (INDIRECT("'"&K$1&"'!C2:C1000")=$C7) ), 5, FALSE ) )} -> Enviado | ... O7: {=IF( VLOOKUP( $A7, _xlfn._xlws.FILTER( INDIRECT("'"&O$1&"'!A2:E1000"), (INDIRECT("'"&O$1&"'!B2:B1000")=$B7) * (INDIRECT("'"&O$1&"'!C2:C1000")=$C7) ), 5, FALSE )=0, "", VLOOKUP( $A7, _xlfn._xlws.FILTER( INDIRECT("'"&O$1&"'!A2:E1000"), (INDIRECT("'"&O$1&"'!B2:B1000")=$B7) * (INDIRECT("'"&O$1&"'!C2:C1000")=$C7) ), 5, FALSE ) )}
A8: Coripa | B8: São Jorge do Patrocinio | C8: 1 | D8: {=IF( VLOOKUP( $A8, _xlfn._xlws.FILTER( INDIRECT("'"&D$1&"'!A2:E1000"), (INDIRECT("'"&D$1&"'!B2:B1000")=$B8) * (INDIRECT("'"&D$1&"'!C2:C1000")=$C8) ), 5, FALSE )=0, "", VLOOKUP( $A8, _xlfn._xlws.FILTER( INDIRECT("'"&D$1&"'!A2:E1000"), (INDIRECT("'"&D$1&"'!B2:B1000")=$B8) * (INDIRECT("'"&D$1&"'!C2:C1000")=$C8) ), 5, FALSE ) )} -> Sem Técnico | E8: {=IF( VLOOKUP( $A8, _xlfn._xlws.FILTER( INDIRECT("'"&E$1&"'!A2:E1000"), (INDIRECT("'"&E$1&"'!B2:B1000")=$B8) * (INDIRECT("'"&E$1&"'!C2:C1000")=$C8) ), 5, FALSE )=0, "", VLOOKUP( $A8, _xlfn._xlws.FILTER( INDIRECT("'"&E$1&"'!A2:E1000"), (INDIRECT("'"&E$1&"'!B2:B1000")=$B8) * (INDIRECT("'"&E$1&"'!C2:C1000")=$C8) ), 5, FALSE ) )} -> Sem Técnico | F8: {=IF( VLOOKUP( $A8, _xlfn._xlws.FILTER( INDIRECT("'"&F$1&"'!A2:E1000"), (INDIRECT("'"&F$1&"'!B2:B1000")=$B8) * (INDIRECT("'"&F$1&"'!C2:C1000")=$C8) ), 5, FALSE )=0, "", VLOOKUP( $A8, _xlfn._xlws.FILTER( INDIRECT("'"&F$1&"'!A2:E1000"), (INDIRECT("'"&F$1&"'!B2:B1000")=$B8) * (INDIRECT("'"&F$1&"'!C2:C1000")=$C8) ), 5, FALSE ) )} -> Sem Técnico | G8: {=IF( VLOOKUP( $A8, _xlfn._xlws.FILTER( INDIRECT("'"&G$1&"'!A2:E1000"), (INDIRECT("'"&G$1&"'!B2:B1000")=$B8) * (INDIRECT("'"&G$1&"'!C2:C1000")=$C8) ), 5, FALSE )=0, "", VLOOKUP( $A8, _xlfn._xlws.FILTER( INDIRECT("'"&G$1&"'!A2:E1000"), (INDIRECT("'"&G$1&"'!B2:B1000")=$B8) * (INDIRECT("'"&G$1&"'!C2:C1000")=$C8) ), 5, FALSE ) )} -> Sem Técnico | H8: {=IF( VLOOKUP( $A8, _xlfn._xlws.FILTER( INDIRECT("'"&H$1&"'!A2:E1000"), (INDIRECT("'"&H$1&"'!B2:B1000")=$B8) * (INDIRECT("'"&H$1&"'!C2:C1000")=$C8) ), 5, FALSE )=0, "", VLOOKUP( $A8, _xlfn._xlws.FILTER( INDIRECT("'"&H$1&"'!A2:E1000"), (INDIRECT("'"&H$1&"'!B2:B1000")=$B8) * (INDIRECT("'"&H$1&"'!C2:C1000")=$C8) ), 5, FALSE ) )} -> Sem Técnico | I8: {=IF( VLOOKUP( $A8, _xlfn._xlws.FILTER( INDIRECT("'"&I$1&"'!A2:E1000"), (INDIRECT("'"&I$1&"'!B2:B1000")=$B8) * (INDIRECT("'"&I$1&"'!C2:C1000")=$C8) ), 5, FALSE )=0, "", VLOOKUP( $A8, _xlfn._xlws.FILTER( INDIRECT("'"&I$1&"'!A2:E1000"), (INDIRECT("'"&I$1&"'!B2:B1000")=$B8) * (INDIRECT("'"&I$1&"'!C2:C1000")=$C8) ), 5, FALSE ) )} -> Sem Técnico | J8: {=IF( VLOOKUP( $A8, _xlfn._xlws.FILTER( INDIRECT("'"&J$1&"'!A2:E1000"), (INDIRECT("'"&J$1&"'!B2:B1000")=$B8) * (INDIRECT("'"&J$1&"'!C2:C1000")=$C8) ), 5, FALSE )=0, "", VLOOKUP( $A8, _xlfn._xlws.FILTER( INDIRECT("'"&J$1&"'!A2:E1000"), (INDIRECT("'"&J$1&"'!B2:B1000")=$B8) * (INDIRECT("'"&J$1&"'!C2:C1000")=$C8) ), 5, FALSE ) )} -> Sem Técnico | K8: {=IF( VLOOKUP( $A8, _xlfn._xlws.FILTER( INDIRECT("'"&K$1&"'!A2:E1000"), (INDIRECT("'"&K$1&"'!B2:B1000")=$B8) * (INDIRECT("'"&K$1&"'!C2:C1000")=$C8) ), 5, FALSE )=0, "", VLOOKUP( $A8, _xlfn._xlws.FILTER( INDIRECT("'"&K$1&"'!A2:E1000"), (INDIRECT("'"&K$1&"'!B2:B1000")=$B8) * (INDIRECT("'"&K$1&"'!C2:C1000")=$C8) ), 5, FALSE ) )} -> Atrasado >= 2 | ... O8: {=IF( VLOOKUP( $A8, _xlfn._xlws.FILTER( INDIRECT("'"&O$1&"'!A2:E1000"), (INDIRECT("'"&O$1&"'!B2:B1000")=$B8) * (INDIRECT("'"&O$1&"'!C2:C1000")=$C8) ), 5, FALSE )=0, "", VLOOKUP( $A8, _xlfn._xlws.FILTER( INDIRECT("'"&O$1&"'!A2:E1000"), (INDIRECT("'"&O$1&"'!B2:B1000")=$B8) * (INDIRECT("'"&O$1&"'!C2:C1000")=$C8) ), 5, FALSE ) )}
A9: Coripa | B9: Tapira | C9: 1 | D9: {=IF( VLOOKUP( $A9, _xlfn._xlws.FILTER( INDIRECT("'"&D$1&"'!A2:E1000"), (INDIRECT("'"&D$1&"'!B2:B1000")=$B9) * (INDIRECT("'"&D$1&"'!C2:C1000")=$C9) ), 5, FALSE )=0, "", VLOOKUP( $A9, _xlfn._xlws.FILTER( INDIRECT("'"&D$1&"'!A2:E1000"), (INDIRECT("'"&D$1&"'!B2:B1000")=$B9) * (INDIRECT("'"&D$1&"'!C2:C1000")=$C9) ), 5, FALSE ) )} -> Sem Técnico | E9: {=IF( VLOOKUP( $A9, _xlfn._xlws.FILTER( INDIRECT("'"&E$1&"'!A2:E1000"), (INDIRECT("'"&E$1&"'!B2:B1000")=$B9) * (INDIRECT("'"&E$1&"'!C2:C1000")=$C9) ), 5, FALSE )=0, "", VLOOKUP( $A9, _xlfn._xlws.FILTER( INDIRECT("'"&E$1&"'!A2:E1000"), (INDIRECT("'"&E$1&"'!B2:B1000")=$B9) * (INDIRECT("'"&E$1&"'!C2:C1000")=$C9) ), 5, FALSE ) )} -> Sem Técnico | F9: {=IF( VLOOKUP( $A9, _xlfn._xlws.FILTER( INDIRECT("'"&F$1&"'!A2:E1000"), (INDIRECT("'"&F$1&"'!B2:B1000")=$B9) * (INDIRECT("'"&F$1&"'!C2:C1000")=$C9) ), 5, FALSE )=0, "", VLOOKUP( $A9, _xlfn._xlws.FILTER( INDIRECT("'"&F$1&"'!A2:E1000"), (INDIRECT("'"&F$1&"'!B2:B1000")=$B9) * (INDIRECT("'"&F$1&"'!C2:C1000")=$C9) ), 5, FALSE ) )} -> Sem Técnico | G9: {=IF( VLOOKUP( $A9, _xlfn._xlws.FILTER( INDIRECT("'"&G$1&"'!A2:E1000"), (INDIRECT("'"&G$1&"'!B2:B1000")=$B9) * (INDIRECT("'"&G$1&"'!C2:C1000")=$C9) ), 5, FALSE )=0, "", VLOOKUP( $A9, _xlfn._xlws.FILTER( INDIRECT("'"&G$1&"'!A2:E1000"), (INDIRECT("'"&G$1&"'!B2:B1000")=$B9) * (INDIRECT("'"&G$1&"'!C2:C1000")=$C9) ), 5, FALSE ) )} -> Sem Técnico | H9: {=IF( VLOOKUP( $A9, _xlfn._xlws.FILTER( INDIRECT("'"&H$1&"'!A2:E1000"), (INDIRECT("'"&H$1&"'!B2:B1000")=$B9) * (INDIRECT("'"&H$1&"'!C2:C1000")=$C9) ), 5, FALSE )=0, "", VLOOKUP( $A9, _xlfn._xlws.FILTER( INDIRECT("'"&H$1&"'!A2:E1000"), (INDIRECT("'"&H$1&"'!B2:B1000")=$B9) * (INDIRECT("'"&H$1&"'!C2:C1000")=$C9) ), 5, FALSE ) )} -> Sem Técnico | I9: {=IF( VLOOKUP( $A9, _xlfn._xlws.FILTER( INDIRECT("'"&I$1&"'!A2:E1000"), (INDIRECT("'"&I$1&"'!B2:B1000")=$B9) * (INDIRECT("'"&I$1&"'!C2:C1000")=$C9) ), 5, FALSE )=0, "", VLOOKUP( $A9, _xlfn._xlws.FILTER( INDIRECT("'"&I$1&"'!A2:E1000"), (INDIRECT("'"&I$1&"'!B2:B1000")=$B9) * (INDIRECT("'"&I$1&"'!C2:C1000")=$C9) ), 5, FALSE ) )} -> Sem Técnico | J9: {=IF( VLOOKUP( $A9, _xlfn._xlws.FILTER( INDIRECT("'"&J$1&"'!A2:E1000"), (INDIRECT("'"&J$1&"'!B2:B1000")=$B9) * (INDIRECT("'"&J$1&"'!C2:C1000")=$C9) ), 5, FALSE )=0, "", VLOOKUP( $A9, _xlfn._xlws.FILTER( INDIRECT("'"&J$1&"'!A2:E1000"), (INDIRECT("'"&J$1&"'!B2:B1000")=$B9) * (INDIRECT("'"&J$1&"'!C2:C1000")=$C9) ), 5, FALSE ) )} -> Sem Técnico | K9: {=IF( VLOOKUP( $A9, _xlfn._xlws.FILTER( INDIRECT("'"&K$1&"'!A2:E1000"), (INDIRECT("'"&K$1&"'!B2:B1000")=$B9) * (INDIRECT("'"&K$1&"'!C2:C1000")=$C9) ), 5, FALSE )=0, "", VLOOKUP( $A9, _xlfn._xlws.FILTER( INDIRECT("'"&K$1&"'!A2:E1000"), (INDIRECT("'"&K$1&"'!B2:B1000")=$B9) * (INDIRECT("'"&K$1&"'!C2:C1000")=$C9) ), 5, FALSE ) )} -> Atrasado >= 2 | ... O9: {=IF( VLOOKUP( $A9, _xlfn._xlws.FILTER( INDIRECT("'"&O$1&"'!A2:E1000"), (INDIRECT("'"&O$1&"'!B2:B1000")=$B9) * (INDIRECT("'"&O$1&"'!C2:C1000")=$C9) ), 5, FALSE )=0, "", VLOOKUP( $A9, _xlfn._xlws.FILTER( INDIRECT("'"&O$1&"'!A2:E1000"), (INDIRECT("'"&O$1&"'!B2:B1000")=$B9) * (INDIRECT("'"&O$1&"'!C2:C1000")=$C9) ), 5, FALSE ) )}
A11: Regional | B11: Municípios | C11: UVR | D11: 01.25 | E11: 02.25 | F11: 03.25 | G11: 04.25 | H11: 05.25 | I11: 06.25 | J11: 07.25 | K11: 08.25 | L11: 09.25 | M11: 10.25 | N11: 11.25 | O11: 12.25
A12: Comafen | B12: Diamante do Norte | C12: 1 | D12: {=IF( VLOOKUP( $A12, _xlfn._xlws.FILTER( INDIRECT("'"&D$1&"'!A2:E1000"), (INDIRECT("'"&D$1&"'!B2:B1000")=$B12) * (INDIRECT("'"&D$1&"'!C2:C1000")=$C12) ), 5, FALSE )=0, "", VLOOKUP( $A12, _xlfn._xlws.FILTER( INDIRECT("'"&D$1&"'!A2:E1000"), (INDIRECT("'"&D$1&"'!B2:B1000")=$B12) * (INDIRECT("'"&D$1&"'!C2:C1000")=$C12) ), 5, FALSE ) )} -> Sem Técnico | E12: {=IF( VLOOKUP( $A12, _xlfn._xlws.FILTER( INDIRECT("'"&E$1&"'!A2:E1000"), (INDIRECT("'"&E$1&"'!B2:B1000")=$B12) * (INDIRECT("'"&E$1&"'!C2:C1000")=$C12) ), 5, FALSE )=0, "", VLOOKUP( $A12, _xlfn._xlws.FILTER( INDIRECT("'"&E$1&"'!A2:E1000"), (INDIRECT("'"&E$1&"'!B2:B1000")=$B12) * (INDIRECT("'"&E$1&"'!C2:C1000")=$C12) ), 5, FALSE ) )} -> Sem Técnico | F12: {=IF( VLOOKUP( $A12, _xlfn._xlws.FILTER( INDIRECT("'"&F$1&"'!A2:E1000"), (INDIRECT("'"&F$1&"'!B2:B1000")=$B12) * (INDIRECT("'"&F$1&"'!C2:C1000")=$C12) ), 5, FALSE )=0, "", VLOOKUP( $A12, _xlfn._xlws.FILTER( INDIRECT("'"&F$1&"'!A2:E1000"), (INDIRECT("'"&F$1&"'!B2:B1000")=$B12) * (INDIRECT("'"&F$1&"'!C2:C1000")=$C12) ), 5, FALSE ) )} -> Sem Técnico | G12: {=IF( VLOOKUP( $A12, _xlfn._xlws.FILTER( INDIRECT("'"&G$1&"'!A2:E1000"), (INDIRECT("'"&G$1&"'!B2:B1000")=$B12) * (INDIRECT("'"&G$1&"'!C2:C1000")=$C12) ), 5, FALSE )=0, "", VLOOKUP( $A12, _xlfn._xlws.FILTER( INDIRECT("'"&G$1&"'!A2:E1000"), (INDIRECT("'"&G$1&"'!B2:B1000")=$B12) * (INDIRECT("'"&G$1&"'!C2:C1000")=$C12) ), 5, FALSE ) )} -> Sem Técnico | H12: {=IF( VLOOKUP( $A12, _xlfn._xlws.FILTER( INDIRECT("'"&H$1&"'!A2:E1000"), (INDIRECT("'"&H$1&"'!B2:B1000")=$B12) * (INDIRECT("'"&H$1&"'!C2:C1000")=$C12) ), 5, FALSE )=0, "", VLOOKUP( $A12, _xlfn._xlws.FILTER( INDIRECT("'"&H$1&"'!A2:E1000"), (INDIRECT("'"&H$1&"'!B2:B1000")=$B12) * (INDIRECT("'"&H$1&"'!C2:C1000")=$C12) ), 5, FALSE ) )} -> Sem Técnico | I12: {=IF( VLOOKUP( $A12, _xlfn._xlws.FILTER( INDIRECT("'"&I$1&"'!A2:E1000"), (INDIRECT("'"&I$1&"'!B2:B1000")=$B12) * (INDIRECT("'"&I$1&"'!C2:C1000")=$C12) ), 5, FALSE )=0, "", VLOOKUP( $A12, _xlfn._xlws.FILTER( INDIRECT("'"&I$1&"'!A2:E1000"), (INDIRECT("'"&I$1&"'!B2:B1000")=$B12) * (INDIRECT("'"&I$1&"'!C2:C1000")=$C12) ), 5, FALSE ) )} -> Sem Técnico | J12: {=IF( VLOOKUP( $A12, _xlfn._xlws.FILTER( INDIRECT("'"&J$1&"'!A2:E1000"), (INDIRECT("'"&J$1&"'!B2:B1000")=$B12) * (INDIRECT("'"&J$1&"'!C2:C1000")=$C12) ), 5, FALSE )=0, "", VLOOKUP( $A12, _xlfn._xlws.FILTER( INDIRECT("'"&J$1&"'!A2:E1000"), (INDIRECT("'"&J$1&"'!B2:B1000")=$B12) * (INDIRECT("'"&J$1&"'!C2:C1000")=$C12) ), 5, FALSE ) )} -> Sem Técnico | K12: {=IF( VLOOKUP( $A12, _xlfn._xlws.FILTER( INDIRECT("'"&K$1&"'!A2:E1000"), (INDIRECT("'"&K$1&"'!B2:B1000")=$B12) * (INDIRECT("'"&K$1&"'!C2:C1000")=$C12) ), 5, FALSE )=0, "", VLOOKUP( $A12, _xlfn._xlws.FILTER( INDIRECT("'"&K$1&"'!A2:E1000"), (INDIRECT("'"&K$1&"'!B2:B1000")=$B12) * (INDIRECT("'"&K$1&"'!C2:C1000")=$C12) ), 5, FALSE ) )} -> Atrasado >= 2 | ... O12: {=IF( VLOOKUP( $A12, _xlfn._xlws.FILTER( INDIRECT("'"&O$1&"'!A2:E1000"), (INDIRECT("'"&O$1&"'!B2:B1000")=$B12) * (INDIRECT("'"&O$1&"'!C2:C1000")=$C12) ), 5, FALSE )=0, "", VLOOKUP( $A12, _xlfn._xlws.FILTER( INDIRECT("'"&O$1&"'!A2:E1000"), (INDIRECT("'"&O$1&"'!B2:B1000")=$B12) * (INDIRECT("'"&O$1&"'!C2:C1000")=$C12) ), 5, FALSE ) )}
A13: Comafen | B13: Itauna do Sul | C13: 1 | D13: {=IF( VLOOKUP( $A13, _xlfn._xlws.FILTER( INDIRECT("'"&D$1&"'!A2:E1000"), (INDIRECT("'"&D$1&"'!B2:B1000")=$B13) * (INDIRECT("'"&D$1&"'!C2:C1000")=$C13) ), 5, FALSE )=0, "", VLOOKUP( $A13, _xlfn._xlws.FILTER( INDIRECT("'"&D$1&"'!A2:E1000"), (INDIRECT("'"&D$1&"'!B2:B1000")=$B13) * (INDIRECT("'"&D$1&"'!C2:C1000")=$C13) ), 5, FALSE ) )} -> Sem Técnico | E13: {=IF( VLOOKUP( $A13, _xlfn._xlws.FILTER( INDIRECT("'"&E$1&"'!A2:E1000"), (INDIRECT("'"&E$1&"'!B2:B1000")=$B13) * (INDIRECT("'"&E$1&"'!C2:C1000")=$C13) ), 5, FALSE )=0, "", VLOOKUP( $A13, _xlfn._xlws.FILTER( INDIRECT("'"&E$1&"'!A2:E1000"), (INDIRECT("'"&E$1&"'!B2:B1000")=$B13) * (INDIRECT("'"&E$1&"'!C2:C1000")=$C13) ), 5, FALSE ) )} -> Sem Técnico | F13: {=IF( VLOOKUP( $A13, _xlfn._xlws.FILTER( INDIRECT("'"&F$1&"'!A2:E1000"), (INDIRECT("'"&F$1&"'!B2:B1000")=$B13) * (INDIRECT("'"&F$1&"'!C2:C1000")=$C13) ), 5, FALSE )=0, "", VLOOKUP( $A13, _xlfn._xlws.FILTER( INDIRECT("'"&F$1&"'!A2:E1000"), (INDIRECT("'"&F$1&"'!B2:B1000")=$B13) * (INDIRECT("'"&F$1&"'!C2:C1000")=$C13) ), 5, FALSE ) )} -> Sem Técnico | G13: {=IF( VLOOKUP( $A13, _xlfn._xlws.FILTER( INDIRECT("'"&G$1&"'!A2:E1000"), (INDIRECT("'"&G$1&"'!B2:B1000")=$B13) * (INDIRECT("'"&G$1&"'!C2:C1000")=$C13) ), 5, FALSE )=0, "", VLOOKUP( $A13, _xlfn._xlws.FILTER( INDIRECT("'"&G$1&"'!A2:E1000"), (INDIRECT("'"&G$1&"'!B2:B1000")=$B13) * (INDIRECT("'"&G$1&"'!C2:C1000")=$C13) ), 5, FALSE ) )} -> Sem Técnico | H13: {=IF( VLOOKUP( $A13, _xlfn._xlws.FILTER( INDIRECT("'"&H$1&"'!A2:E1000"), (INDIRECT("'"&H$1&"'!B2:B1000")=$B13) * (INDIRECT("'"&H$1&"'!C2:C1000")=$C13) ), 5, FALSE )=0, "", VLOOKUP( $A13, _xlfn._xlws.FILTER( INDIRECT("'"&H$1&"'!A2:E1000"), (INDIRECT("'"&H$1&"'!B2:B1000")=$B13) * (INDIRECT("'"&H$1&"'!C2:C1000")=$C13) ), 5, FALSE ) )} -> Sem Técnico | I13: {=IF( VLOOKUP( $A13, _xlfn._xlws.FILTER( INDIRECT("'"&I$1&"'!A2:E1000"), (INDIRECT("'"&I$1&"'!B2:B1000")=$B13) * (INDIRECT("'"&I$1&"'!C2:C1000")=$C13) ), 5, FALSE )=0, "", VLOOKUP( $A13, _xlfn._xlws.FILTER( INDIRECT("'"&I$1&"'!A2:E1000"), (INDIRECT("'"&I$1&"'!B2:B1000")=$B13) * (INDIRECT("'"&I$1&"'!C2:C1000")=$C13) ), 5, FALSE ) )} -> Sem Técnico | J13: {=IF( VLOOKUP( $A13, _xlfn._xlws.FILTER( INDIRECT("'"&J$1&"'!A2:E1000"), (INDIRECT("'"&J$1&"'!B2:B1000")=$B13) * (INDIRECT("'"&J$1&"'!C2:C1000")=$C13) ), 5, FALSE )=0, "", VLOOKUP( $A13, _xlfn._xlws.FILTER( INDIRECT("'"&J$1&"'!A2:E1000"), (INDIRECT("'"&J$1&"'!B2:B1000")=$B13) * (INDIRECT("'"&J$1&"'!C2:C1000")=$C13) ), 5, FALSE ) )} -> Sem Técnico | K13: {=IF( VLOOKUP( $A13, _xlfn._xlws.FILTER( INDIRECT("'"&K$1&"'!A2:E1000"), (INDIRECT("'"&K$1&"'!B2:B1000")=$B13) * (INDIRECT("'"&K$1&"'!C2:C1000")=$C13) ), 5, FALSE )=0, "", VLOOKUP( $A13, _xlfn._xlws.FILTER( INDIRECT("'"&K$1&"'!A2:E1000"), (INDIRECT("'"&K$1&"'!B2:B1000")=$B13) * (INDIRECT("'"&K$1&"'!C2:C1000")=$C13) ), 5, FALSE ) )} -> Atrasado >= 2 | ... O13: {=IF( VLOOKUP( $A13, _xlfn._xlws.FILTER( INDIRECT("'"&O$1&"'!A2:E1000"), (INDIRECT("'"&O$1&"'!B2:B1000")=$B13) * (INDIRECT("'"&O$1&"'!C2:C1000")=$C13) ), 5, FALSE )=0, "", VLOOKUP( $A13, _xlfn._xlws.FILTER( INDIRECT("'"&O$1&"'!A2:E1000"), (INDIRECT("'"&O$1&"'!B2:B1000")=$B13) * (INDIRECT("'"&O$1&"'!C2:C1000")=$C13) ), 5, FALSE ) )}
A14: Comafen | B14: Loanda | C14: 1 | D14: {=IF( VLOOKUP( $A14, _xlfn._xlws.FILTER( INDIRECT("'"&D$1&"'!A2:E1000"), (INDIRECT("'"&D$1&"'!B2:B1000")=$B14) * (INDIRECT("'"&D$1&"'!C2:C1000")=$C14) ), 5, FALSE )=0, "", VLOOKUP( $A14, _xlfn._xlws.FILTER( INDIRECT("'"&D$1&"'!A2:E1000"), (INDIRECT("'"&D$1&"'!B2:B1000")=$B14) * (INDIRECT("'"&D$1&"'!C2:C1000")=$C14) ), 5, FALSE ) )} -> Sem Técnico | E14: {=IF( VLOOKUP( $A14, _xlfn._xlws.FILTER( INDIRECT("'"&E$1&"'!A2:E1000"), (INDIRECT("'"&E$1&"'!B2:B1000")=$B14) * (INDIRECT("'"&E$1&"'!C2:C1000")=$C14) ), 5, FALSE )=0, "", VLOOKUP( $A14, _xlfn._xlws.FILTER( INDIRECT("'"&E$1&"'!A2:E1000"), (INDIRECT("'"&E$1&"'!B2:B1000")=$B14) * (INDIRECT("'"&E$1&"'!C2:C1000")=$C14) ), 5, FALSE ) )} -> Sem Técnico | F14: {=IF( VLOOKUP( $A14, _xlfn._xlws.FILTER( INDIRECT("'"&F$1&"'!A2:E1000"), (INDIRECT("'"&F$1&"'!B2:B1000")=$B14) * (INDIRECT("'"&F$1&"'!C2:C1000")=$C14) ), 5, FALSE )=0, "", VLOOKUP( $A14, _xlfn._xlws.FILTER( INDIRECT("'"&F$1&"'!A2:E1000"), (INDIRECT("'"&F$1&"'!B2:B1000")=$B14) * (INDIRECT("'"&F$1&"'!C2:C1000")=$C14) ), 5, FALSE ) )} -> Sem Técnico | G14: {=IF( VLOOKUP( $A14, _xlfn._xlws.FILTER( INDIRECT("'"&G$1&"'!A2:E1000"), (INDIRECT("'"&G$1&"'!B2:B1000")=$B14) * (INDIRECT("'"&G$1&"'!C2:C1000")=$C14) ), 5, FALSE )=0, "", VLOOKUP( $A14, _xlfn._xlws.FILTER( INDIRECT("'"&G$1&"'!A2:E1000"), (INDIRECT("'"&G$1&"'!B2:B1000")=$B14) * (INDIRECT("'"&G$1&"'!C2:C1000")=$C14) ), 5, FALSE ) )} -> Sem Técnico | H14: {=IF( VLOOKUP( $A14, _xlfn._xlws.FILTER( INDIRECT("'"&H$1&"'!A2:E1000"), (INDIRECT("'"&H$1&"'!B2:B1000")=$B14) * (INDIRECT("'"&H$1&"'!C2:C1000")=$C14) ), 5, FALSE )=0, "", VLOOKUP( $A14, _xlfn._xlws.FILTER( INDIRECT("'"&H$1&"'!A2:E1000"), (INDIRECT("'"&H$1&"'!B2:B1000")=$B14) * (INDIRECT("'"&H$1&"'!C2:C1000")=$C14) ), 5, FALSE ) )} -> Sem Técnico | I14: {=IF( VLOOKUP( $A14, _xlfn._xlws.FILTER( INDIRECT("'"&I$1&"'!A2:E1000"), (INDIRECT("'"&I$1&"'!B2:B1000")=$B14) * (INDIRECT("'"&I$1&"'!C2:C1000")=$C14) ), 5, FALSE )=0, "", VLOOKUP( $A14, _xlfn._xlws.FILTER( INDIRECT("'"&I$1&"'!A2:E1000"), (INDIRECT("'"&I$1&"'!B2:B1000")=$B14) * (INDIRECT("'"&I$1&"'!C2:C1000")=$C14) ), 5, FALSE ) )} -> Sem Técnico | J14: {=IF( VLOOKUP( $A14, _xlfn._xlws.FILTER( INDIRECT("'"&J$1&"'!A2:E1000"), (INDIRECT("'"&J$1&"'!B2:B1000")=$B14) * (INDIRECT("'"&J$1&"'!C2:C1000")=$C14) ), 5, FALSE )=0, "", VLOOKUP( $A14, _xlfn._xlws.FILTER( INDIRECT("'"&J$1&"'!A2:E1000"), (INDIRECT("'"&J$1&"'!B2:B1000")=$B14) * (INDIRECT("'"&J$1&"'!C2:C1000")=$C14) ), 5, FALSE ) )} -> Sem Técnico | K14: {=IF( VLOOKUP( $A14, _xlfn._xlws.FILTER( INDIRECT("'"&K$1&"'!A2:E1000"), (INDIRECT("'"&K$1&"'!B2:B1000")=$B14) * (INDIRECT("'"&K$1&"'!C2:C1000")=$C14) ), 5, FALSE )=0, "", VLOOKUP( $A14, _xlfn._xlws.FILTER( INDIRECT("'"&K$1&"'!A2:E1000"), (INDIRECT("'"&K$1&"'!B2:B1000")=$B14) * (INDIRECT("'"&K$1&"'!C2:C1000")=$C14) ), 5, FALSE ) )} -> Atrasado >= 2 | ... O14: {=IF( VLOOKUP( $A14, _xlfn._xlws.FILTER( INDIRECT("'"&O$1&"'!A2:E1000"), (INDIRECT("'"&O$1&"'!B2:B1000")=$B14) * (INDIRECT("'"&O$1&"'!C2:C1000")=$C14) ), 5, FALSE )=0, "", VLOOKUP( $A14, _xlfn._xlws.FILTER( INDIRECT("'"&O$1&"'!A2:E1000"), (INDIRECT("'"&O$1&"'!B2:B1000")=$B14) * (INDIRECT("'"&O$1&"'!C2:C1000")=$C14) ), 5, FALSE ) )}
A15: Comafen | B15: Marilena | C15: 1 | D15: {=IF( VLOOKUP( $A15, _xlfn._xlws.FILTER( INDIRECT("'"&D$1&"'!A2:E1000"), (INDIRECT("'"&D$1&"'!B2:B1000")=$B15) * (INDIRECT("'"&D$1&"'!C2:C1000")=$C15) ), 5, FALSE )=0, "", VLOOKUP( $A15, _xlfn._xlws.FILTER( INDIRECT("'"&D$1&"'!A2:E1000"), (INDIRECT("'"&D$1&"'!B2:B1000")=$B15) * (INDIRECT("'"&D$1&"'!C2:C1000")=$C15) ), 5, FALSE ) )} -> Sem Técnico | E15: {=IF( VLOOKUP( $A15, _xlfn._xlws.FILTER( INDIRECT("'"&E$1&"'!A2:E1000"), (INDIRECT("'"&E$1&"'!B2:B1000")=$B15) * (INDIRECT("'"&E$1&"'!C2:C1000")=$C15) ), 5, FALSE )=0, "", VLOOKUP( $A15, _xlfn._xlws.FILTER( INDIRECT("'"&E$1&"'!A2:E1000"), (INDIRECT("'"&E$1&"'!B2:B1000")=$B15) * (INDIRECT("'"&E$1&"'!C2:C1000")=$C15) ), 5, FALSE ) )} -> Sem Técnico | F15: {=IF( VLOOKUP( $A15, _xlfn._xlws.FILTER( INDIRECT("'"&F$1&"'!A2:E1000"), (INDIRECT("'"&F$1&"'!B2:B1000")=$B15) * (INDIRECT("'"&F$1&"'!C2:C1000")=$C15) ), 5, FALSE )=0, "", VLOOKUP( $A15, _xlfn._xlws.FILTER( INDIRECT("'"&F$1&"'!A2:E1000"), (INDIRECT("'"&F$1&"'!B2:B1000")=$B15) * (INDIRECT("'"&F$1&"'!C2:C1000")=$C15) ), 5, FALSE ) )} -> Sem Técnico | G15: {=IF( VLOOKUP( $A15, _xlfn._xlws.FILTER( INDIRECT("'"&G$1&"'!A2:E1000"), (INDIRECT("'"&G$1&"'!B2:B1000")=$B15) * (INDIRECT("'"&G$1&"'!C2:C1000")=$C15) ), 5, FALSE )=0, "", VLOOKUP( $A15, _xlfn._xlws.FILTER( INDIRECT("'"&G$1&"'!A2:E1000"), (INDIRECT("'"&G$1&"'!B2:B1000")=$B15) * (INDIRECT("'"&G$1&"'!C2:C1000")=$C15) ), 5, FALSE ) )} -> Sem Técnico | H15: {=IF( VLOOKUP( $A15, _xlfn._xlws.FILTER( INDIRECT("'"&H$1&"'!A2:E1000"), (INDIRECT("'"&H$1&"'!B2:B1000")=$B15) * (INDIRECT("'"&H$1&"'!C2:C1000")=$C15) ), 5, FALSE )=0, "", VLOOKUP( $A15, _xlfn._xlws.FILTER( INDIRECT("'"&H$1&"'!A2:E1000"), (INDIRECT("'"&H$1&"'!B2:B1000")=$B15) * (INDIRECT("'"&H$1&"'!C2:C1000")=$C15) ), 5, FALSE ) )} -> Sem Técnico | I15: {=IF( VLOOKUP( $A15, _xlfn._xlws.FILTER( INDIRECT("'"&I$1&"'!A2:E1000"), (INDIRECT("'"&I$1&"'!B2:B1000")=$B15) * (INDIRECT("'"&I$1&"'!C2:C1000")=$C15) ), 5, FALSE )=0, "", VLOOKUP( $A15, _xlfn._xlws.FILTER( INDIRECT("'"&I$1&"'!A2:E1000"), (INDIRECT("'"&I$1&"'!B2:B1000")=$B15) * (INDIRECT("'"&I$1&"'!C2:C1000")=$C15) ), 5, FALSE ) )} -> Sem Técnico | J15: {=IF( VLOOKUP( $A15, _xlfn._xlws.FILTER( INDIRECT("'"&J$1&"'!A2:E1000"), (INDIRECT("'"&J$1&"'!B2:B1000")=$B15) * (INDIRECT("'"&J$1&"'!C2:C1000")=$C15) ), 5, FALSE )=0, "", VLOOKUP( $A15, _xlfn._xlws.FILTER( INDIRECT("'"&J$1&"'!A2:E1000"), (INDIRECT("'"&J$1&"'!B2:B1000")=$B15) * (INDIRECT("'"&J$1&"'!C2:C1000")=$C15) ), 5, FALSE ) )} -> Sem Técnico | K15: {=IF( VLOOKUP( $A15, _xlfn._xlws.FILTER( INDIRECT("'"&K$1&"'!A2:E1000"), (INDIRECT("'"&K$1&"'!B2:B1000")=$B15) * (INDIRECT("'"&K$1&"'!C2:C1000")=$C15) ), 5, FALSE )=0, "", VLOOKUP( $A15, _xlfn._xlws.FILTER( INDIRECT("'"&K$1&"'!A2:E1000"), (INDIRECT("'"&K$1&"'!B2:B1000")=$B15) * (INDIRECT("'"&K$1&"'!C2:C1000")=$C15) ), 5, FALSE ) )} -> Atrasado >= 2 | ... O15: {=IF( VLOOKUP( $A15, _xlfn._xlws.FILTER( INDIRECT("'"&O$1&"'!A2:E1000"), (INDIRECT("'"&O$1&"'!B2:B1000")=$B15) * (INDIRECT("'"&O$1&"'!C2:C1000")=$C15) ), 5, FALSE )=0, "", VLOOKUP( $A15, _xlfn._xlws.FILTER( INDIRECT("'"&O$1&"'!A2:E1000"), (INDIRECT("'"&O$1&"'!B2:B1000")=$B15) * (INDIRECT("'"&O$1&"'!C2:C1000")=$C15) ), 5, FALSE ) )}
A16: Comafen | B16: Nova Londrina | C16: 1 | D16: {=IF( VLOOKUP( $A16, _xlfn._xlws.FILTER( INDIRECT("'"&D$1&"'!A2:E1000"), (INDIRECT("'"&D$1&"'!B2:B1000")=$B16) * (INDIRECT("'"&D$1&"'!C2:C1000")=$C16) ), 5, FALSE )=0, "", VLOOKUP( $A16, _xlfn._xlws.FILTER( INDIRECT("'"&D$1&"'!A2:E1000"), (INDIRECT("'"&D$1&"'!B2:B1000")=$B16) * (INDIRECT("'"&D$1&"'!C2:C1000")=$C16) ), 5, FALSE ) )} -> Sem Técnico | E16: {=IF( VLOOKUP( $A16, _xlfn._xlws.FILTER( INDIRECT("'"&E$1&"'!A2:E1000"), (INDIRECT("'"&E$1&"'!B2:B1000")=$B16) * (INDIRECT("'"&E$1&"'!C2:C1000")=$C16) ), 5, FALSE )=0, "", VLOOKUP( $A16, _xlfn._xlws.FILTER( INDIRECT("'"&E$1&"'!A2:E1000"), (INDIRECT("'"&E$1&"'!B2:B1000")=$B16) * (INDIRECT("'"&E$1&"'!C2:C1000")=$C16) ), 5, FALSE ) )} -> Sem Técnico | F16: {=IF( VLOOKUP( $A16, _xlfn._xlws.FILTER( INDIRECT("'"&F$1&"'!A2:E1000"), (INDIRECT("'"&F$1&"'!B2:B1000")=$B16) * (INDIRECT("'"&F$1&"'!C2:C1000")=$C16) ), 5, FALSE )=0, "", VLOOKUP( $A16, _xlfn._xlws.FILTER( INDIRECT("'"&F$1&"'!A2:E1000"), (INDIRECT("'"&F$1&"'!B2:B1000")=$B16) * (INDIRECT("'"&F$1&"'!C2:C1000")=$C16) ), 5, FALSE ) )} -> Sem Técnico | G16: {=IF( VLOOKUP( $A16, _xlfn._xlws.FILTER( INDIRECT("'"&G$1&"'!A2:E1000"), (INDIRECT("'"&G$1&"'!B2:B1000")=$B16) * (INDIRECT("'"&G$1&"'!C2:C1000")=$C16) ), 5, FALSE )=0, "", VLOOKUP( $A16, _xlfn._xlws.FILTER( INDIRECT("'"&G$1&"'!A2:E1000"), (INDIRECT("'"&G$1&"'!B2:B1000")=$B16) * (INDIRECT("'"&G$1&"'!C2:C1000")=$C16) ), 5, FALSE ) )} -> Sem Técnico | H16: {=IF( VLOOKUP( $A16, _xlfn._xlws.FILTER( INDIRECT("'"&H$1&"'!A2:E1000"), (INDIRECT("'"&H$1&"'!B2:B1000")=$B16) * (INDIRECT("'"&H$1&"'!C2:C1000")=$C16) ), 5, FALSE )=0, "", VLOOKUP( $A16, _xlfn._xlws.FILTER( INDIRECT("'"&H$1&"'!A2:E1000"), (INDIRECT("'"&H$1&"'!B2:B1000")=$B16) * (INDIRECT("'"&H$1&"'!C2:C1000")=$C16) ), 5, FALSE ) )} -> Sem Técnico | I16: {=IF( VLOOKUP( $A16, _xlfn._xlws.FILTER( INDIRECT("'"&I$1&"'!A2:E1000"), (INDIRECT("'"&I$1&"'!B2:B1000")=$B16) * (INDIRECT("'"&I$1&"'!C2:C1000")=$C16) ), 5, FALSE )=0, "", VLOOKUP( $A16, _xlfn._xlws.FILTER( INDIRECT("'"&I$1&"'!A2:E1000"), (INDIRECT("'"&I$1&"'!B2:B1000")=$B16) * (INDIRECT("'"&I$1&"'!C2:C1000")=$C16) ), 5, FALSE ) )} -> Sem Técnico | J16: {=IF( VLOOKUP( $A16, _xlfn._xlws.FILTER( INDIRECT("'"&J$1&"'!A2:E1000"), (INDIRECT("'"&J$1&"'!B2:B1000")=$B16) * (INDIRECT("'"&J$1&"'!C2:C1000")=$C16) ), 5, FALSE )=0, "", VLOOKUP( $A16, _xlfn._xlws.FILTER( INDIRECT("'"&J$1&"'!A2:E1000"), (INDIRECT("'"&J$1&"'!B2:B1000")=$B16) * (INDIRECT("'"&J$1&"'!C2:C1000")=$C16) ), 5, FALSE ) )} -> Sem Técnico | K16: {=IF( VLOOKUP( $A16, _xlfn._xlws.FILTER( INDIRECT("'"&K$1&"'!A2:E1000"), (INDIRECT("'"&K$1&"'!B2:B1000")=$B16) * (INDIRECT("'"&K$1&"'!C2:C1000")=$C16) ), 5, FALSE )=0, "", VLOOKUP( $A16, _xlfn._xlws.FILTER( INDIRECT("'"&K$1&"'!A2:E1000"), (INDIRECT("'"&K$1&"'!B2:B1000")=$B16) * (INDIRECT("'"&K$1&"'!C2:C1000")=$C16) ), 5, FALSE ) )} -> Atrasado >= 2 | ... O16: {=IF( VLOOKUP( $A16, _xlfn._xlws.FILTER( INDIRECT("'"&O$1&"'!A2:E1000"), (INDIRECT("'"&O$1&"'!B2:B1000")=$B16) * (INDIRECT("'"&O$1&"'!C2:C1000")=$C16) ), 5, FALSE )=0, "", VLOOKUP( $A16, _xlfn._xlws.FILTER( INDIRECT("'"&O$1&"'!A2:E1000"), (INDIRECT("'"&O$1&"'!B2:B1000")=$B16) * (INDIRECT("'"&O$1&"'!C2:C1000")=$C16) ), 5, FALSE ) )}
A17: Comafen | B17: Planaltina do Paraná | C17: 1 | D17: {=IF( VLOOKUP( $A17, _xlfn._xlws.FILTER( INDIRECT("'"&D$1&"'!A2:E1000"), (INDIRECT("'"&D$1&"'!B2:B1000")=$B17) * (INDIRECT("'"&D$1&"'!C2:C1000")=$C17) ), 5, FALSE )=0, "", VLOOKUP( $A17, _xlfn._xlws.FILTER( INDIRECT("'"&D$1&"'!A2:E1000"), (INDIRECT("'"&D$1&"'!B2:B1000")=$B17) * (INDIRECT("'"&D$1&"'!C2:C1000")=$C17) ), 5, FALSE ) )} -> Sem Técnico | E17: {=IF( VLOOKUP( $A17, _xlfn._xlws.FILTER( INDIRECT("'"&E$1&"'!A2:E1000"), (INDIRECT("'"&E$1&"'!B2:B1000")=$B17) * (INDIRECT("'"&E$1&"'!C2:C1000")=$C17) ), 5, FALSE )=0, "", VLOOKUP( $A17, _xlfn._xlws.FILTER( INDIRECT("'"&E$1&"'!A2:E1000"), (INDIRECT("'"&E$1&"'!B2:B1000")=$B17) * (INDIRECT("'"&E$1&"'!C2:C1000")=$C17) ), 5, FALSE ) )} -> Sem Técnico | F17: {=IF( VLOOKUP( $A17, _xlfn._xlws.FILTER( INDIRECT("'"&F$1&"'!A2:E1000"), (INDIRECT("'"&F$1&"'!B2:B1000")=$B17) * (INDIRECT("'"&F$1&"'!C2:C1000")=$C17) ), 5, FALSE )=0, "", VLOOKUP( $A17, _xlfn._xlws.FILTER( INDIRECT("'"&F$1&"'!A2:E1000"), (INDIRECT("'"&F$1&"'!B2:B1000")=$B17) * (INDIRECT("'"&F$1&"'!C2:C1000")=$C17) ), 5, FALSE ) )} -> Sem Técnico | G17: {=IF( VLOOKUP( $A17, _xlfn._xlws.FILTER( INDIRECT("'"&G$1&"'!A2:E1000"), (INDIRECT("'"&G$1&"'!B2:B1000")=$B17) * (INDIRECT("'"&G$1&"'!C2:C1000")=$C17) ), 5, FALSE )=0, "", VLOOKUP( $A17, _xlfn._xlws.FILTER( INDIRECT("'"&G$1&"'!A2:E1000"), (INDIRECT("'"&G$1&"'!B2:B1000")=$B17) * (INDIRECT("'"&G$1&"'!C2:C1000")=$C17) ), 5, FALSE ) )} -> Sem Técnico | H17: {=IF( VLOOKUP( $A17, _xlfn._xlws.FILTER( INDIRECT("'"&H$1&"'!A2:E1000"), (INDIRECT("'"&H$1&"'!B2:B1000")=$B17) * (INDIRECT("'"&H$1&"'!C2:C1000")=$C17) ), 5, FALSE )=0, "", VLOOKUP( $A17, _xlfn._xlws.FILTER( INDIRECT("'"&H$1&"'!A2:E1000"), (INDIRECT("'"&H$1&"'!B2:B1000")=$B17) * (INDIRECT("'"&H$1&"'!C2:C1000")=$C17) ), 5, FALSE ) )} -> Sem Técnico | I17: {=IF( VLOOKUP( $A17, _xlfn._xlws.FILTER( INDIRECT("'"&I$1&"'!A2:E1000"), (INDIRECT("'"&I$1&"'!B2:B1000")=$B17) * (INDIRECT("'"&I$1&"'!C2:C1000")=$C17) ), 5, FALSE )=0, "", VLOOKUP( $A17, _xlfn._xlws.FILTER( INDIRECT("'"&I$1&"'!A2:E1000"), (INDIRECT("'"&I$1&"'!B2:B1000")=$B17) * (INDIRECT("'"&I$1&"'!C2:C1000")=$C17) ), 5, FALSE ) )} -> Sem Técnico | J17: {=IF( VLOOKUP( $A17, _xlfn._xlws.FILTER( INDIRECT("'"&J$1&"'!A2:E1000"), (INDIRECT("'"&J$1&"'!B2:B1000")=$B17) * (INDIRECT("'"&J$1&"'!C2:C1000")=$C17) ), 5, FALSE )=0, "", VLOOKUP( $A17, _xlfn._xlws.FILTER( INDIRECT("'"&J$1&"'!A2:E1000"), (INDIRECT("'"&J$1&"'!B2:B1000")=$B17) * (INDIRECT("'"&J$1&"'!C2:C1000")=$C17) ), 5, FALSE ) )} -> Sem Técnico | K17: {=IF( VLOOKUP( $A17, _xlfn._xlws.FILTER( INDIRECT("'"&K$1&"'!A2:E1000"), (INDIRECT("'"&K$1&"'!B2:B1000")=$B17) * (INDIRECT("'"&K$1&"'!C2:C1000")=$C17) ), 5, FALSE )=0, "", VLOOKUP( $A17, _xlfn._xlws.FILTER( INDIRECT("'"&K$1&"'!A2:E1000"), (INDIRECT("'"&K$1&"'!B2:B1000")=$B17) * (INDIRECT("'"&K$1&"'!C2:C1000")=$C17) ), 5, FALSE ) )} -> Atrasado >= 2 | ... O17: {=IF( VLOOKUP( $A17, _xlfn._xlws.FILTER( INDIRECT("'"&O$1&"'!A2:E1000"), (INDIRECT("'"&O$1&"'!B2:B1000")=$B17) * (INDIRECT("'"&O$1&"'!C2:C1000")=$C17) ), 5, FALSE )=0, "", VLOOKUP( $A17, _xlfn._xlws.FILTER( INDIRECT("'"&O$1&"'!A2:E1000"), (INDIRECT("'"&O$1&"'!B2:B1000")=$B17) * (INDIRECT("'"&O$1&"'!C2:C1000")=$C17) ), 5, FALSE ) )}
A18: Comafen | B18: Porto Rico | C18: 1 | D18: {=IF( VLOOKUP( $A18, _xlfn._xlws.FILTER( INDIRECT("'"&D$1&"'!A2:E1000"), (INDIRECT("'"&D$1&"'!B2:B1000")=$B18) * (INDIRECT("'"&D$1&"'!C2:C1000")=$C18) ), 5, FALSE )=0, "", VLOOKUP( $A18, _xlfn._xlws.FILTER( INDIRECT("'"&D$1&"'!A2:E1000"), (INDIRECT("'"&D$1&"'!B2:B1000")=$B18) * (INDIRECT("'"&D$1&"'!C2:C1000")=$C18) ), 5, FALSE ) )} -> Sem Técnico | E18: {=IF( VLOOKUP( $A18, _xlfn._xlws.FILTER( INDIRECT("'"&E$1&"'!A2:E1000"), (INDIRECT("'"&E$1&"'!B2:B1000")=$B18) * (INDIRECT("'"&E$1&"'!C2:C1000")=$C18) ), 5, FALSE )=0, "", VLOOKUP( $A18, _xlfn._xlws.FILTER( INDIRECT("'"&E$1&"'!A2:E1000"), (INDIRECT("'"&E$1&"'!B2:B1000")=$B18) * (INDIRECT("'"&E$1&"'!C2:C1000")=$C18) ), 5, FALSE ) )} -> Sem Técnico | F18: {=IF( VLOOKUP( $A18, _xlfn._xlws.FILTER( INDIRECT("'"&F$1&"'!A2:E1000"), (INDIRECT("'"&F$1&"'!B2:B1000")=$B18) * (INDIRECT("'"&F$1&"'!C2:C1000")=$C18) ), 5, FALSE )=0, "", VLOOKUP( $A18, _xlfn._xlws.FILTER( INDIRECT("'"&F$1&"'!A2:E1000"), (INDIRECT("'"&F$1&"'!B2:B1000")=$B18) * (INDIRECT("'"&F$1&"'!C2:C1000")=$C18) ), 5, FALSE ) )} -> Sem Técnico | G18: {=IF( VLOOKUP( $A18, _xlfn._xlws.FILTER( INDIRECT("'"&G$1&"'!A2:E1000"), (INDIRECT("'"&G$1&"'!B2:B1000")=$B18) * (INDIRECT("'"&G$1&"'!C2:C1000")=$C18) ), 5, FALSE )=0, "", VLOOKUP( $A18, _xlfn._xlws.FILTER( INDIRECT("'"&G$1&"'!A2:E1000"), (INDIRECT("'"&G$1&"'!B2:B1000")=$B18) * (INDIRECT("'"&G$1&"'!C2:C1000")=$C18) ), 5, FALSE ) )} -> Sem Técnico | H18: {=IF( VLOOKUP( $A18, _xlfn._xlws.FILTER( INDIRECT("'"&H$1&"'!A2:E1000"), (INDIRECT("'"&H$1&"'!B2:B1000")=$B18) * (INDIRECT("'"&H$1&"'!C2:C1000")=$C18) ), 5, FALSE )=0, "", VLOOKUP( $A18, _xlfn._xlws.FILTER( INDIRECT("'"&H$1&"'!A2:E1000"), (INDIRECT("'"&H$1&"'!B2:B1000")=$B18) * (INDIRECT("'"&H$1&"'!C2:C1000")=$C18) ), 5, FALSE ) )} -> Sem Técnico | I18: {=IF( VLOOKUP( $A18, _xlfn._xlws.FILTER( INDIRECT("'"&I$1&"'!A2:E1000"), (INDIRECT("'"&I$1&"'!B2:B1000")=$B18) * (INDIRECT("'"&I$1&"'!C2:C1000")=$C18) ), 5, FALSE )=0, "", VLOOKUP( $A18, _xlfn._xlws.FILTER( INDIRECT("'"&I$1&"'!A2:E1000"), (INDIRECT("'"&I$1&"'!B2:B1000")=$B18) * (INDIRECT("'"&I$1&"'!C2:C1000")=$C18) ), 5, FALSE ) )} -> Sem Técnico | J18: {=IF( VLOOKUP( $A18, _xlfn._xlws.FILTER( INDIRECT("'"&J$1&"'!A2:E1000"), (INDIRECT("'"&J$1&"'!B2:B1000")=$B18) * (INDIRECT("'"&J$1&"'!C2:C1000")=$C18) ), 5, FALSE )=0, "", VLOOKUP( $A18, _xlfn._xlws.FILTER( INDIRECT("'"&J$1&"'!A2:E1000"), (INDIRECT("'"&J$1&"'!B2:B1000")=$B18) * (INDIRECT("'"&J$1&"'!C2:C1000")=$C18) ), 5, FALSE ) )} -> Sem Técnico | K18: {=IF( VLOOKUP( $A18, _xlfn._xlws.FILTER( INDIRECT("'"&K$1&"'!A2:E1000"), (INDIRECT("'"&K$1&"'!B2:B1000")=$B18) * (INDIRECT("'"&K$1&"'!C2:C1000")=$C18) ), 5, FALSE )=0, "", VLOOKUP( $A18, _xlfn._xlws.FILTER( INDIRECT("'"&K$1&"'!A2:E1000"), (INDIRECT("'"&K$1&"'!B2:B1000")=$B18) * (INDIRECT("'"&K$1&"'!C2:C1000")=$C18) ), 5, FALSE ) )} -> Atrasado >= 2 | ... O18: {=IF( VLOOKUP( $A18, _xlfn._xlws.FILTER( INDIRECT("'"&O$1&"'!A2:E1000"), (INDIRECT("'"&O$1&"'!B2:B1000")=$B18) * (INDIRECT("'"&O$1&"'!C2:C1000")=$C18) ), 5, FALSE )=0, "", VLOOKUP( $A18, _xlfn._xlws.FILTER( INDIRECT("'"&O$1&"'!A2:E1000"), (INDIRECT("'"&O$1&"'!B2:B1000")=$B18) * (INDIRECT("'"&O$1&"'!C2:C1000")=$C18) ), 5, FALSE ) )}
A19: Comafen | B19: Querencia do Norte | C19: 1 | D19: {=IF( VLOOKUP( $A19, _xlfn._xlws.FILTER( INDIRECT("'"&D$1&"'!A2:E1000"), (INDIRECT("'"&D$1&"'!B2:B1000")=$B19) * (INDIRECT("'"&D$1&"'!C2:C1000")=$C19) ), 5, FALSE )=0, "", VLOOKUP( $A19, _xlfn._xlws.FILTER( INDIRECT("'"&D$1&"'!A2:E1000"), (INDIRECT("'"&D$1&"'!B2:B1000")=$B19) * (INDIRECT("'"&D$1&"'!C2:C1000")=$C19) ), 5, FALSE ) )} -> Sem Técnico | E19: {=IF( VLOOKUP( $A19, _xlfn._xlws.FILTER( INDIRECT("'"&E$1&"'!A2:E1000"), (INDIRECT("'"&E$1&"'!B2:B1000")=$B19) * (INDIRECT("'"&E$1&"'!C2:C1000")=$C19) ), 5, FALSE )=0, "", VLOOKUP( $A19, _xlfn._xlws.FILTER( INDIRECT("'"&E$1&"'!A2:E1000"), (INDIRECT("'"&E$1&"'!B2:B1000")=$B19) * (INDIRECT("'"&E$1&"'!C2:C1000")=$C19) ), 5, FALSE ) )} -> Sem Técnico | F19: {=IF( VLOOKUP( $A19, _xlfn._xlws.FILTER( INDIRECT("'"&F$1&"'!A2:E1000"), (INDIRECT("'"&F$1&"'!B2:B1000")=$B19) * (INDIRECT("'"&F$1&"'!C2:C1000")=$C19) ), 5, FALSE )=0, "", VLOOKUP( $A19, _xlfn._xlws.FILTER( INDIRECT("'"&F$1&"'!A2:E1000"), (INDIRECT("'"&F$1&"'!B2:B1000")=$B19) * (INDIRECT("'"&F$1&"'!C2:C1000")=$C19) ), 5, FALSE ) )} -> Sem Técnico | G19: {=IF( VLOOKUP( $A19, _xlfn._xlws.FILTER( INDIRECT("'"&G$1&"'!A2:E1000"), (INDIRECT("'"&G$1&"'!B2:B1000")=$B19) * (INDIRECT("'"&G$1&"'!C2:C1000")=$C19) ), 5, FALSE )=0, "", VLOOKUP( $A19, _xlfn._xlws.FILTER( INDIRECT("'"&G$1&"'!A2:E1000"), (INDIRECT("'"&G$1&"'!B2:B1000")=$B19) * (INDIRECT("'"&G$1&"'!C2:C1000")=$C19) ), 5, FALSE ) )} -> Sem Técnico | H19: {=IF( VLOOKUP( $A19, _xlfn._xlws.FILTER( INDIRECT("'"&H$1&"'!A2:E1000"), (INDIRECT("'"&H$1&"'!B2:B1000")=$B19) * (INDIRECT("'"&H$1&"'!C2:C1000")=$C19) ), 5, FALSE )=0, "", VLOOKUP( $A19, _xlfn._xlws.FILTER( INDIRECT("'"&H$1&"'!A2:E1000"), (INDIRECT("'"&H$1&"'!B2:B1000")=$B19) * (INDIRECT("'"&H$1&"'!C2:C1000")=$C19) ), 5, FALSE ) )} -> Sem Técnico | I19: {=IF( VLOOKUP( $A19, _xlfn._xlws.FILTER( INDIRECT("'"&I$1&"'!A2:E1000"), (INDIRECT("'"&I$1&"'!B2:B1000")=$B19) * (INDIRECT("'"&I$1&"'!C2:C1000")=$C19) ), 5, FALSE )=0, "", VLOOKUP( $A19, _xlfn._xlws.FILTER( INDIRECT("'"&I$1&"'!A2:E1000"), (INDIRECT("'"&I$1&"'!B2:B1000")=$B19) * (INDIRECT("'"&I$1&"'!C2:C1000")=$C19) ), 5, FALSE ) )} -> Sem Técnico | J19: {=IF( VLOOKUP( $A19, _xlfn._xlws.FILTER( INDIRECT("'"&J$1&"'!A2:E1000"), (INDIRECT("'"&J$1&"'!B2:B1000")=$B19) * (INDIRECT("'"&J$1&"'!C2:C1000")=$C19) ), 5, FALSE )=0, "", VLOOKUP( $A19, _xlfn._xlws.FILTER( INDIRECT("'"&J$1&"'!A2:E1000"), (INDIRECT("'"&J$1&"'!B2:B1000")=$B19) * (INDIRECT("'"&J$1&"'!C2:C1000")=$C19) ), 5, FALSE ) )} -> Sem Técnico | K19: {=IF( VLOOKUP( $A19, _xlfn._xlws.FILTER( INDIRECT("'"&K$1&"'!A2:E1000"), (INDIRECT("'"&K$1&"'!B2:B1000")=$B19) * (INDIRECT("'"&K$1&"'!C2:C1000")=$C19) ), 5, FALSE )=0, "", VLOOKUP( $A19, _xlfn._xlws.FILTER( INDIRECT("'"&K$1&"'!A2:E1000"), (INDIRECT("'"&K$1&"'!B2:B1000")=$B19) * (INDIRECT("'"&K$1&"'!C2:C1000")=$C19) ), 5, FALSE ) )} -> Atrasado >= 2 | ... O19: {=IF( VLOOKUP( $A19, _xlfn._xlws.FILTER( INDIRECT("'"&O$1&"'!A2:E1000"), (INDIRECT("'"&O$1&"'!B2:B1000")=$B19) * (INDIRECT("'"&O$1&"'!C2:C1000")=$C19) ), 5, FALSE )=0, "", VLOOKUP( $A19, _xlfn._xlws.FILTER( INDIRECT("'"&O$1&"'!A2:E1000"), (INDIRECT("'"&O$1&"'!B2:B1000")=$B19) * (INDIRECT("'"&O$1&"'!C2:C1000")=$C19) ), 5, FALSE ) )}
A20: Comafen | B20: Santa Cruz de Monte Castelo | C20: 1 | D20: {=IF( VLOOKUP( $A20, _xlfn._xlws.FILTER( INDIRECT("'"&D$1&"'!A2:E1000"), (INDIRECT("'"&D$1&"'!B2:B1000")=$B20) * (INDIRECT("'"&D$1&"'!C2:C1000")=$C20) ), 5, FALSE )=0, "", VLOOKUP( $A20, _xlfn._xlws.FILTER( INDIRECT("'"&D$1&"'!A2:E1000"), (INDIRECT("'"&D$1&"'!B2:B1000")=$B20) * (INDIRECT("'"&D$1&"'!C2:C1000")=$C20) ), 5, FALSE ) )} -> Sem Técnico | E20: {=IF( VLOOKUP( $A20, _xlfn._xlws.FILTER( INDIRECT("'"&E$1&"'!A2:E1000"), (INDIRECT("'"&E$1&"'!B2:B1000")=$B20) * (INDIRECT("'"&E$1&"'!C2:C1000")=$C20) ), 5, FALSE )=0, "", VLOOKUP( $A20, _xlfn._xlws.FILTER( INDIRECT("'"&E$1&"'!A2:E1000"), (INDIRECT("'"&E$1&"'!B2:B1000")=$B20) * (INDIRECT("'"&E$1&"'!C2:C1000")=$C20) ), 5, FALSE ) )} -> Sem Técnico | F20: {=IF( VLOOKUP( $A20, _xlfn._xlws.FILTER( INDIRECT("'"&F$1&"'!A2:E1000"), (INDIRECT("'"&F$1&"'!B2:B1000")=$B20) * (INDIRECT("'"&F$1&"'!C2:C1000")=$C20) ), 5, FALSE )=0, "", VLOOKUP( $A20, _xlfn._xlws.FILTER( INDIRECT("'"&F$1&"'!A2:E1000"), (INDIRECT("'"&F$1&"'!B2:B1000")=$B20) * (INDIRECT("'"&F$1&"'!C2:C1000")=$C20) ), 5, FALSE ) )} -> Sem Técnico | G20: {=IF( VLOOKUP( $A20, _xlfn._xlws.FILTER( INDIRECT("'"&G$1&"'!A2:E1000"), (INDIRECT("'"&G$1&"'!B2:B1000")=$B20) * (INDIRECT("'"&G$1&"'!C2:C1000")=$C20) ), 5, FALSE )=0, "", VLOOKUP( $A20, _xlfn._xlws.FILTER( INDIRECT("'"&G$1&"'!A2:E1000"), (INDIRECT("'"&G$1&"'!B2:B1000")=$B20) * (INDIRECT("'"&G$1&"'!C2:C1000")=$C20) ), 5, FALSE ) )} -> Sem Técnico | H20: {=IF( VLOOKUP( $A20, _xlfn._xlws.FILTER( INDIRECT("'"&H$1&"'!A2:E1000"), (INDIRECT("'"&H$1&"'!B2:B1000")=$B20) * (INDIRECT("'"&H$1&"'!C2:C1000")=$C20) ), 5, FALSE )=0, "", VLOOKUP( $A20, _xlfn._xlws.FILTER( INDIRECT("'"&H$1&"'!A2:E1000"), (INDIRECT("'"&H$1&"'!B2:B1000")=$B20) * (INDIRECT("'"&H$1&"'!C2:C1000")=$C20) ), 5, FALSE ) )} -> Sem Técnico | I20: {=IF( VLOOKUP( $A20, _xlfn._xlws.FILTER( INDIRECT("'"&I$1&"'!A2:E1000"), (INDIRECT("'"&I$1&"'!B2:B1000")=$B20) * (INDIRECT("'"&I$1&"'!C2:C1000")=$C20) ), 5, FALSE )=0, "", VLOOKUP( $A20, _xlfn._xlws.FILTER( INDIRECT("'"&I$1&"'!A2:E1000"), (INDIRECT("'"&I$1&"'!B2:B1000")=$B20) * (INDIRECT("'"&I$1&"'!C2:C1000")=$C20) ), 5, FALSE ) )} -> Sem Técnico | J20: {=IF( VLOOKUP( $A20, _xlfn._xlws.FILTER( INDIRECT("'"&J$1&"'!A2:E1000"), (INDIRECT("'"&J$1&"'!B2:B1000")=$B20) * (INDIRECT("'"&J$1&"'!C2:C1000")=$C20) ), 5, FALSE )=0, "", VLOOKUP( $A20, _xlfn._xlws.FILTER( INDIRECT("'"&J$1&"'!A2:E1000"), (INDIRECT("'"&J$1&"'!B2:B1000")=$B20) * (INDIRECT("'"&J$1&"'!C2:C1000")=$C20) ), 5, FALSE ) )} -> Sem Técnico | K20: {=IF( VLOOKUP( $A20, _xlfn._xlws.FILTER( INDIRECT("'"&K$1&"'!A2:E1000"), (INDIRECT("'"&K$1&"'!B2:B1000")=$B20) * (INDIRECT("'"&K$1&"'!C2:C1000")=$C20) ), 5, FALSE )=0, "", VLOOKUP( $A20, _xlfn._xlws.FILTER( INDIRECT("'"&K$1&"'!A2:E1000"), (INDIRECT("'"&K$1&"'!B2:B1000")=$B20) * (INDIRECT("'"&K$1&"'!C2:C1000")=$C20) ), 5, FALSE ) )} -> Enviado | ... O20: {=IF( VLOOKUP( $A20, _xlfn._xlws.FILTER( INDIRECT("'"&O$1&"'!A2:E1000"), (INDIRECT("'"&O$1&"'!B2:B1000")=$B20) * (INDIRECT("'"&O$1&"'!C2:C1000")=$C20) ), 5, FALSE )=0, "", VLOOKUP( $A20, _xlfn._xlws.FILTER( INDIRECT("'"&O$1&"'!A2:E1000"), (INDIRECT("'"&O$1&"'!B2:B1000")=$B20) * (INDIRECT("'"&O$1&"'!C2:C1000")=$C20) ), 5, FALSE ) )}
A21: Comafen | B21: Santa Isabel do Ivai | C21: 1 | D21: {=IF( VLOOKUP( $A21, _xlfn._xlws.FILTER( INDIRECT("'"&D$1&"'!A2:E1000"), (INDIRECT("'"&D$1&"'!B2:B1000")=$B21) * (INDIRECT("'"&D$1&"'!C2:C1000")=$C21) ), 5, FALSE )=0, "", VLOOKUP( $A21, _xlfn._xlws.FILTER( INDIRECT("'"&D$1&"'!A2:E1000"), (INDIRECT("'"&D$1&"'!B2:B1000")=$B21) * (INDIRECT("'"&D$1&"'!C2:C1000")=$C21) ), 5, FALSE ) )} -> Sem Técnico | E21: {=IF( VLOOKUP( $A21, _xlfn._xlws.FILTER( INDIRECT("'"&E$1&"'!A2:E1000"), (INDIRECT("'"&E$1&"'!B2:B1000")=$B21) * (INDIRECT("'"&E$1&"'!C2:C1000")=$C21) ), 5, FALSE )=0, "", VLOOKUP( $A21, _xlfn._xlws.FILTER( INDIRECT("'"&E$1&"'!A2:E1000"), (INDIRECT("'"&E$1&"'!B2:B1000")=$B21) * (INDIRECT("'"&E$1&"'!C2:C1000")=$C21) ), 5, FALSE ) )} -> Sem Técnico | F21: {=IF( VLOOKUP( $A21, _xlfn._xlws.FILTER( INDIRECT("'"&F$1&"'!A2:E1000"), (INDIRECT("'"&F$1&"'!B2:B1000")=$B21) * (INDIRECT("'"&F$1&"'!C2:C1000")=$C21) ), 5, FALSE )=0, "", VLOOKUP( $A21, _xlfn._xlws.FILTER( INDIRECT("'"&F$1&"'!A2:E1000"), (INDIRECT("'"&F$1&"'!B2:B1000")=$B21) * (INDIRECT("'"&F$1&"'!C2:C1000")=$C21) ), 5, FALSE ) )} -> Sem Técnico | G21: {=IF( VLOOKUP( $A21, _xlfn._xlws.FILTER( INDIRECT("'"&G$1&"'!A2:E1000"), (INDIRECT("'"&G$1&"'!B2:B1000")=$B21) * (INDIRECT("'"&G$1&"'!C2:C1000")=$C21) ), 5, FALSE )=0, "", VLOOKUP( $A21, _xlfn._xlws.FILTER( INDIRECT("'"&G$1&"'!A2:E1000"), (INDIRECT("'"&G$1&"'!B2:B1000")=$B21) * (INDIRECT("'"&G$1&"'!C2:C1000")=$C21) ), 5, FALSE ) )} -> Sem Técnico | H21: {=IF( VLOOKUP( $A21, _xlfn._xlws.FILTER( INDIRECT("'"&H$1&"'!A2:E1000"), (INDIRECT("'"&H$1&"'!B2:B1000")=$B21) * (INDIRECT("'"&H$1&"'!C2:C1000")=$C21) ), 5, FALSE )=0, "", VLOOKUP( $A21, _xlfn._xlws.FILTER( INDIRECT("'"&H$1&"'!A2:E1000"), (INDIRECT("'"&H$1&"'!B2:B1000")=$B21) * (INDIRECT("'"&H$1&"'!C2:C1000")=$C21) ), 5, FALSE ) )} -> Sem Técnico | I21: {=IF( VLOOKUP( $A21, _xlfn._xlws.FILTER( INDIRECT("'"&I$1&"'!A2:E1000"), (INDIRECT("'"&I$1&"'!B2:B1000")=$B21) * (INDIRECT("'"&I$1&"'!C2:C1000")=$C21) ), 5, FALSE )=0, "", VLOOKUP( $A21, _xlfn._xlws.FILTER( INDIRECT("'"&I$1&"'!A2:E1000"), (INDIRECT("'"&I$1&"'!B2:B1000")=$B21) * (INDIRECT("'"&I$1&"'!C2:C1000")=$C21) ), 5, FALSE ) )} -> Sem Técnico | J21: {=IF( VLOOKUP( $A21, _xlfn._xlws.FILTER( INDIRECT("'"&J$1&"'!A2:E1000"), (INDIRECT("'"&J$1&"'!B2:B1000")=$B21) * (INDIRECT("'"&J$1&"'!C2:C1000")=$C21) ), 5, FALSE )=0, "", VLOOKUP( $A21, _xlfn._xlws.FILTER( INDIRECT("'"&J$1&"'!A2:E1000"), (INDIRECT("'"&J$1&"'!B2:B1000")=$B21) * (INDIRECT("'"&J$1&"'!C2:C1000")=$C21) ), 5, FALSE ) )} -> Sem Técnico | K21: {=IF( VLOOKUP( $A21, _xlfn._xlws.FILTER( INDIRECT("'"&K$1&"'!A2:E1000"), (INDIRECT("'"&K$1&"'!B2:B1000")=$B21) * (INDIRECT("'"&K$1&"'!C2:C1000")=$C21) ), 5, FALSE )=0, "", VLOOKUP( $A21, _xlfn._xlws.FILTER( INDIRECT("'"&K$1&"'!A2:E1000"), (INDIRECT("'"&K$1&"'!B2:B1000")=$B21) * (INDIRECT("'"&K$1&"'!C2:C1000")=$C21) ), 5, FALSE ) )} -> Enviado | ... O21: {=IF( VLOOKUP( $A21, _xlfn._xlws.FILTER( INDIRECT("'"&O$1&"'!A2:E1000"), (INDIRECT("'"&O$1&"'!B2:B1000")=$B21) * (INDIRECT("'"&O$1&"'!C2:C1000")=$C21) ), 5, FALSE )=0, "", VLOOKUP( $A21, _xlfn._xlws.FILTER( INDIRECT("'"&O$1&"'!A2:E1000"), (INDIRECT("'"&O$1&"'!B2:B1000")=$B21) * (INDIRECT("'"&O$1&"'!C2:C1000")=$C21) ), 5, FALSE ) )}
A22: Comafen | B22: São Pedro do Paraná | C22: 1 | D22: {=IF( VLOOKUP( $A22, _xlfn._xlws.FILTER( INDIRECT("'"&D$1&"'!A2:E1000"), (INDIRECT("'"&D$1&"'!B2:B1000")=$B22) * (INDIRECT("'"&D$1&"'!C2:C1000")=$C22) ), 5, FALSE )=0, "", VLOOKUP( $A22, _xlfn._xlws.FILTER( INDIRECT("'"&D$1&"'!A2:E1000"), (INDIRECT("'"&D$1&"'!B2:B1000")=$B22) * (INDIRECT("'"&D$1&"'!C2:C1000")=$C22) ), 5, FALSE ) )} -> Sem Técnico | E22: {=IF( VLOOKUP( $A22, _xlfn._xlws.FILTER( INDIRECT("'"&E$1&"'!A2:E1000"), (INDIRECT("'"&E$1&"'!B2:B1000")=$B22) * (INDIRECT("'"&E$1&"'!C2:C1000")=$C22) ), 5, FALSE )=0, "", VLOOKUP( $A22, _xlfn._xlws.FILTER( INDIRECT("'"&E$1&"'!A2:E1000"), (INDIRECT("'"&E$1&"'!B2:B1000")=$B22) * (INDIRECT("'"&E$1&"'!C2:C1000")=$C22) ), 5, FALSE ) )} -> Sem Técnico | F22: {=IF( VLOOKUP( $A22, _xlfn._xlws.FILTER( INDIRECT("'"&F$1&"'!A2:E1000"), (INDIRECT("'"&F$1&"'!B2:B1000")=$B22) * (INDIRECT("'"&F$1&"'!C2:C1000")=$C22) ), 5, FALSE )=0, "", VLOOKUP( $A22, _xlfn._xlws.FILTER( INDIRECT("'"&F$1&"'!A2:E1000"), (INDIRECT("'"&F$1&"'!B2:B1000")=$B22) * (INDIRECT("'"&F$1&"'!C2:C1000")=$C22) ), 5, FALSE ) )} -> Sem Técnico | G22: {=IF( VLOOKUP( $A22, _xlfn._xlws.FILTER( INDIRECT("'"&G$1&"'!A2:E1000"), (INDIRECT("'"&G$1&"'!B2:B1000")=$B22) * (INDIRECT("'"&G$1&"'!C2:C1000")=$C22) ), 5, FALSE )=0, "", VLOOKUP( $A22, _xlfn._xlws.FILTER( INDIRECT("'"&G$1&"'!A2:E1000"), (INDIRECT("'"&G$1&"'!B2:B1000")=$B22) * (INDIRECT("'"&G$1&"'!C2:C1000")=$C22) ), 5, FALSE ) )} -> Sem Técnico | H22: {=IF( VLOOKUP( $A22, _xlfn._xlws.FILTER( INDIRECT("'"&H$1&"'!A2:E1000"), (INDIRECT("'"&H$1&"'!B2:B1000")=$B22) * (INDIRECT("'"&H$1&"'!C2:C1000")=$C22) ), 5, FALSE )=0, "", VLOOKUP( $A22, _xlfn._xlws.FILTER( INDIRECT("'"&H$1&"'!A2:E1000"), (INDIRECT("'"&H$1&"'!B2:B1000")=$B22) * (INDIRECT("'"&H$1&"'!C2:C1000")=$C22) ), 5, FALSE ) )} -> Sem Técnico | I22: {=IF( VLOOKUP( $A22, _xlfn._xlws.FILTER( INDIRECT("'"&I$1&"'!A2:E1000"), (INDIRECT("'"&I$1&"'!B2:B1000")=$B22) * (INDIRECT("'"&I$1&"'!C2:C1000")=$C22) ), 5, FALSE )=0, "", VLOOKUP( $A22, _xlfn._xlws.FILTER( INDIRECT("'"&I$1&"'!A2:E1000"), (INDIRECT("'"&I$1&"'!B2:B1000")=$B22) * (INDIRECT("'"&I$1&"'!C2:C1000")=$C22) ), 5, FALSE ) )} -> Sem Técnico | J22: {=IF( VLOOKUP( $A22, _xlfn._xlws.FILTER( INDIRECT("'"&J$1&"'!A2:E1000"), (INDIRECT("'"&J$1&"'!B2:B1000")=$B22) * (INDIRECT("'"&J$1&"'!C2:C1000")=$C22) ), 5, FALSE )=0, "", VLOOKUP( $A22, _xlfn._xlws.FILTER( INDIRECT("'"&J$1&"'!A2:E1000"), (INDIRECT("'"&J$1&"'!B2:B1000")=$B22) * (INDIRECT("'"&J$1&"'!C2:C1000")=$C22) ), 5, FALSE ) )} -> Sem Técnico | K22: {=IF( VLOOKUP( $A22, _xlfn._xlws.FILTER( INDIRECT("'"&K$1&"'!A2:E1000"), (INDIRECT("'"&K$1&"'!B2:B1000")=$B22) * (INDIRECT("'"&K$1&"'!C2:C1000")=$C22) ), 5, FALSE )=0, "", VLOOKUP( $A22, _xlfn._xlws.FILTER( INDIRECT("'"&K$1&"'!A2:E1000"), (INDIRECT("'"&K$1&"'!B2:B1000")=$B22) * (INDIRECT("'"&K$1&"'!C2:C1000")=$C22) ), 5, FALSE ) )} -> Atrasado >= 2 | ... O22: {=IF( VLOOKUP( $A22, _xlfn._xlws.FILTER( INDIRECT("'"&O$1&"'!A2:E1000"), (INDIRECT("'"&O$1&"'!B2:B1000")=$B22) * (INDIRECT("'"&O$1&"'!C2:C1000")=$C22) ), 5, FALSE )=0, "", VLOOKUP( $A22, _xlfn._xlws.FILTER( INDIRECT("'"&O$1&"'!A2:E1000"), (INDIRECT("'"&O$1&"'!B2:B1000")=$B22) * (INDIRECT("'"&O$1&"'!C2:C1000")=$C22) ), 5, FALSE ) )}
A24: Regional | B24: Municípios | C24: UVR | D24: 01.25 | E24: 02.25 | F24: 03.25 | G24: 04.25 | H24: 05.25 | I24: 06.25 | J24: 07.25 | K24: 08.25 | L24: 09.25 | M24: 10.25 | N24: 11.25 | O24: 12.25
A25: Cibax | B25: Alto Piquiri | C25: 1 | D25: {=IF( VLOOKUP( $A25, _xlfn._xlws.FILTER( INDIRECT("'"&D$1&"'!A2:E1000"), (INDIRECT("'"&D$1&"'!B2:B1000")=$B25) * (INDIRECT("'"&D$1&"'!C2:C1000")=$C25) ), 5, FALSE )=0, "", VLOOKUP( $A25, _xlfn._xlws.FILTER( INDIRECT("'"&D$1&"'!A2:E1000"), (INDIRECT("'"&D$1&"'!B2:B1000")=$B25) * (INDIRECT("'"&D$1&"'!C2:C1000")=$C25) ), 5, FALSE ) )} -> Sem Técnico | E25: {=IF( VLOOKUP( $A25, _xlfn._xlws.FILTER( INDIRECT("'"&E$1&"'!A2:E1000"), (INDIRECT("'"&E$1&"'!B2:B1000")=$B25) * (INDIRECT("'"&E$1&"'!C2:C1000")=$C25) ), 5, FALSE )=0, "", VLOOKUP( $A25, _xlfn._xlws.FILTER( INDIRECT("'"&E$1&"'!A2:E1000"), (INDIRECT("'"&E$1&"'!B2:B1000")=$B25) * (INDIRECT("'"&E$1&"'!C2:C1000")=$C25) ), 5, FALSE ) )} -> Sem Técnico | F25: {=IF( VLOOKUP( $A25, _xlfn._xlws.FILTER( INDIRECT("'"&F$1&"'!A2:E1000"), (INDIRECT("'"&F$1&"'!B2:B1000")=$B25) * (INDIRECT("'"&F$1&"'!C2:C1000")=$C25) ), 5, FALSE )=0, "", VLOOKUP( $A25, _xlfn._xlws.FILTER( INDIRECT("'"&F$1&"'!A2:E1000"), (INDIRECT("'"&F$1&"'!B2:B1000")=$B25) * (INDIRECT("'"&F$1&"'!C2:C1000")=$C25) ), 5, FALSE ) )} -> Sem Técnico | G25: {=IF( VLOOKUP( $A25, _xlfn._xlws.FILTER( INDIRECT("'"&G$1&"'!A2:E1000"), (INDIRECT("'"&G$1&"'!B2:B1000")=$B25) * (INDIRECT("'"&G$1&"'!C2:C1000")=$C25) ), 5, FALSE )=0, "", VLOOKUP( $A25, _xlfn._xlws.FILTER( INDIRECT("'"&G$1&"'!A2:E1000"), (INDIRECT("'"&G$1&"'!B2:B1000")=$B25) * (INDIRECT("'"&G$1&"'!C2:C1000")=$C25) ), 5, FALSE ) )} -> Sem Técnico | H25: {=IF( VLOOKUP( $A25, _xlfn._xlws.FILTER( INDIRECT("'"&H$1&"'!A2:E1000"), (INDIRECT("'"&H$1&"'!B2:B1000")=$B25) * (INDIRECT("'"&H$1&"'!C2:C1000")=$C25) ), 5, FALSE )=0, "", VLOOKUP( $A25, _xlfn._xlws.FILTER( INDIRECT("'"&H$1&"'!A2:E1000"), (INDIRECT("'"&H$1&"'!B2:B1000")=$B25) * (INDIRECT("'"&H$1&"'!C2:C1000")=$C25) ), 5, FALSE ) )} -> Sem Técnico | I25: {=IF( VLOOKUP( $A25, _xlfn._xlws.FILTER( INDIRECT("'"&I$1&"'!A2:E1000"), (INDIRECT("'"&I$1&"'!B2:B1000")=$B25) * (INDIRECT("'"&I$1&"'!C2:C1000")=$C25) ), 5, FALSE )=0, "", VLOOKUP( $A25, _xlfn._xlws.FILTER( INDIRECT("'"&I$1&"'!A2:E1000"), (INDIRECT("'"&I$1&"'!B2:B1000")=$B25) * (INDIRECT("'"&I$1&"'!C2:C1000")=$C25) ), 5, FALSE ) )} -> Sem Técnico | J25: {=IF( VLOOKUP( $A25, _xlfn._xlws.FILTER( INDIRECT("'"&J$1&"'!A2:E1000"), (INDIRECT("'"&J$1&"'!B2:B1000")=$B25) * (INDIRECT("'"&J$1&"'!C2:C1000")=$C25) ), 5, FALSE )=0, "", VLOOKUP( $A25, _xlfn._xlws.FILTER( INDIRECT("'"&J$1&"'!A2:E1000"), (INDIRECT("'"&J$1&"'!B2:B1000")=$B25) * (INDIRECT("'"&J$1&"'!C2:C1000")=$C25) ), 5, FALSE ) )} -> Sem Técnico | K25: {=IF( VLOOKUP( $A25, _xlfn._xlws.FILTER( INDIRECT("'"&K$1&"'!A2:E1000"), (INDIRECT("'"&K$1&"'!B2:B1000")=$B25) * (INDIRECT("'"&K$1&"'!C2:C1000")=$C25) ), 5, FALSE )=0, "", VLOOKUP( $A25, _xlfn._xlws.FILTER( INDIRECT("'"&K$1&"'!A2:E1000"), (INDIRECT("'"&K$1&"'!B2:B1000")=$B25) * (INDIRECT("'"&K$1&"'!C2:C1000")=$C25) ), 5, FALSE ) )} -> Enviado | ... O25: {=IF( VLOOKUP( $A25, _xlfn._xlws.FILTER( INDIRECT("'"&O$1&"'!A2:E1000"), (INDIRECT("'"&O$1&"'!B2:B1000")=$B25) * (INDIRECT("'"&O$1&"'!C2:C1000")=$C25) ), 5, FALSE )=0, "", VLOOKUP( $A25, _xlfn._xlws.FILTER( INDIRECT("'"&O$1&"'!A2:E1000"), (INDIRECT("'"&O$1&"'!B2:B1000")=$B25) * (INDIRECT("'"&O$1&"'!C2:C1000")=$C25) ), 5, FALSE ) )}
A26: Cibax | B26: Cafezal do Sul | C26: 1 | D26: {=IF( VLOOKUP( $A26, _xlfn._xlws.FILTER( INDIRECT("'"&D$1&"'!A2:E1000"), (INDIRECT("'"&D$1&"'!B2:B1000")=$B26) * (INDIRECT("'"&D$1&"'!C2:C1000")=$C26) ), 5, FALSE )=0, "", VLOOKUP( $A26, _xlfn._xlws.FILTER( INDIRECT("'"&D$1&"'!A2:E1000"), (INDIRECT("'"&D$1&"'!B2:B1000")=$B26) * (INDIRECT("'"&D$1&"'!C2:C1000")=$C26) ), 5, FALSE ) )} -> Sem Técnico | E26: {=IF( VLOOKUP( $A26, _xlfn._xlws.FILTER( INDIRECT("'"&E$1&"'!A2:E1000"), (INDIRECT("'"&E$1&"'!B2:B1000")=$B26) * (INDIRECT("'"&E$1&"'!C2:C1000")=$C26) ), 5, FALSE )=0, "", VLOOKUP( $A26, _xlfn._xlws.FILTER( INDIRECT("'"&E$1&"'!A2:E1000"), (INDIRECT("'"&E$1&"'!B2:B1000")=$B26) * (INDIRECT("'"&E$1&"'!C2:C1000")=$C26) ), 5, FALSE ) )} -> Sem Técnico | F26: {=IF( VLOOKUP( $A26, _xlfn._xlws.FILTER( INDIRECT("'"&F$1&"'!A2:E1000"), (INDIRECT("'"&F$1&"'!B2:B1000")=$B26) * (INDIRECT("'"&F$1&"'!C2:C1000")=$C26) ), 5, FALSE )=0, "", VLOOKUP( $A26, _xlfn._xlws.FILTER( INDIRECT("'"&F$1&"'!A2:E1000"), (INDIRECT("'"&F$1&"'!B2:B1000")=$B26) * (INDIRECT("'"&F$1&"'!C2:C1000")=$C26) ), 5, FALSE ) )} -> Sem Técnico | G26: {=IF( VLOOKUP( $A26, _xlfn._xlws.FILTER( INDIRECT("'"&G$1&"'!A2:E1000"), (INDIRECT("'"&G$1&"'!B2:B1000")=$B26) * (INDIRECT("'"&G$1&"'!C2:C1000")=$C26) ), 5, FALSE )=0, "", VLOOKUP( $A26, _xlfn._xlws.FILTER( INDIRECT("'"&G$1&"'!A2:E1000"), (INDIRECT("'"&G$1&"'!B2:B1000")=$B26) * (INDIRECT("'"&G$1&"'!C2:C1000")=$C26) ), 5, FALSE ) )} -> Sem Técnico | H26: {=IF( VLOOKUP( $A26, _xlfn._xlws.FILTER( INDIRECT("'"&H$1&"'!A2:E1000"), (INDIRECT("'"&H$1&"'!B2:B1000")=$B26) * (INDIRECT("'"&H$1&"'!C2:C1000")=$C26) ), 5, FALSE )=0, "", VLOOKUP( $A26, _xlfn._xlws.FILTER( INDIRECT("'"&H$1&"'!A2:E1000"), (INDIRECT("'"&H$1&"'!B2:B1000")=$B26) * (INDIRECT("'"&H$1&"'!C2:C1000")=$C26) ), 5, FALSE ) )} -> Sem Técnico | I26: {=IF( VLOOKUP( $A26, _xlfn._xlws.FILTER( INDIRECT("'"&I$1&"'!A2:E1000"), (INDIRECT("'"&I$1&"'!B2:B1000")=$B26) * (INDIRECT("'"&I$1&"'!C2:C1000")=$C26) ), 5, FALSE )=0, "", VLOOKUP( $A26, _xlfn._xlws.FILTER( INDIRECT("'"&I$1&"'!A2:E1000"), (INDIRECT("'"&I$1&"'!B2:B1000")=$B26) * (INDIRECT("'"&I$1&"'!C2:C1000")=$C26) ), 5, FALSE ) )} -> Sem Técnico | J26: {=IF( VLOOKUP( $A26, _xlfn._xlws.FILTER( INDIRECT("'"&J$1&"'!A2:E1000"), (INDIRECT("'"&J$1&"'!B2:B1000")=$B26) * (INDIRECT("'"&J$1&"'!C2:C1000")=$C26) ), 5, FALSE )=0, "", VLOOKUP( $A26, _xlfn._xlws.FILTER( INDIRECT("'"&J$1&"'!A2:E1000"), (INDIRECT("'"&J$1&"'!B2:B1000")=$B26) * (INDIRECT("'"&J$1&"'!C2:C1000")=$C26) ), 5, FALSE ) )} -> Sem Técnico | K26: {=IF( VLOOKUP( $A26, _xlfn._xlws.FILTER( INDIRECT("'"&K$1&"'!A2:E1000"), (INDIRECT("'"&K$1&"'!B2:B1000")=$B26) * (INDIRECT("'"&K$1&"'!C2:C1000")=$C26) ), 5, FALSE )=0, "", VLOOKUP( $A26, _xlfn._xlws.FILTER( INDIRECT("'"&K$1&"'!A2:E1000"), (INDIRECT("'"&K$1&"'!B2:B1000")=$B26) * (INDIRECT("'"&K$1&"'!C2:C1000")=$C26) ), 5, FALSE ) )} -> Enviado | ... O26: {=IF( VLOOKUP( $A26, _xlfn._xlws.FILTER( INDIRECT("'"&O$1&"'!A2:E1000"), (INDIRECT("'"&O$1&"'!B2:B1000")=$B26) * (INDIRECT("'"&O$1&"'!C2:C1000")=$C26) ), 5, FALSE )=0, "", VLOOKUP( $A26, _xlfn._xlws.FILTER( INDIRECT("'"&O$1&"'!A2:E1000"), (INDIRECT("'"&O$1&"'!B2:B1000")=$B26) * (INDIRECT("'"&O$1&"'!C2:C1000")=$C26) ), 5, FALSE ) )}
A27: Cibax | B27: Cruzeiro do Oeste | C27: 1 | D27: {=IF( VLOOKUP( $A27, _xlfn._xlws.FILTER( INDIRECT("'"&D$1&"'!A2:E1000"), (INDIRECT("'"&D$1&"'!B2:B1000")=$B27) * (INDIRECT("'"&D$1&"'!C2:C1000")=$C27) ), 5, FALSE )=0, "", VLOOKUP( $A27, _xlfn._xlws.FILTER( INDIRECT("'"&D$1&"'!A2:E1000"), (INDIRECT("'"&D$1&"'!B2:B1000")=$B27) * (INDIRECT("'"&D$1&"'!C2:C1000")=$C27) ), 5, FALSE ) )} -> Sem Técnico | E27: {=IF( VLOOKUP( $A27, _xlfn._xlws.FILTER( INDIRECT("'"&E$1&"'!A2:E1000"), (INDIRECT("'"&E$1&"'!B2:B1000")=$B27) * (INDIRECT("'"&E$1&"'!C2:C1000")=$C27) ), 5, FALSE )=0, "", VLOOKUP( $A27, _xlfn._xlws.FILTER( INDIRECT("'"&E$1&"'!A2:E1000"), (INDIRECT("'"&E$1&"'!B2:B1000")=$B27) * (INDIRECT("'"&E$1&"'!C2:C1000")=$C27) ), 5, FALSE ) )} -> Sem Técnico | F27: {=IF( VLOOKUP( $A27, _xlfn._xlws.FILTER( INDIRECT("'"&F$1&"'!A2:E1000"), (INDIRECT("'"&F$1&"'!B2:B1000")=$B27) * (INDIRECT("'"&F$1&"'!C2:C1000")=$C27) ), 5, FALSE )=0, "", VLOOKUP( $A27, _xlfn._xlws.FILTER( INDIRECT("'"&F$1&"'!A2:E1000"), (INDIRECT("'"&F$1&"'!B2:B1000")=$B27) * (INDIRECT("'"&F$1&"'!C2:C1000")=$C27) ), 5, FALSE ) )} -> Sem Técnico | G27: {=IF( VLOOKUP( $A27, _xlfn._xlws.FILTER( INDIRECT("'"&G$1&"'!A2:E1000"), (INDIRECT("'"&G$1&"'!B2:B1000")=$B27) * (INDIRECT("'"&G$1&"'!C2:C1000")=$C27) ), 5, FALSE )=0, "", VLOOKUP( $A27, _xlfn._xlws.FILTER( INDIRECT("'"&G$1&"'!A2:E1000"), (INDIRECT("'"&G$1&"'!B2:B1000")=$B27) * (INDIRECT("'"&G$1&"'!C2:C1000")=$C27) ), 5, FALSE ) )} -> Sem Técnico | H27: {=IF( VLOOKUP( $A27, _xlfn._xlws.FILTER( INDIRECT("'"&H$1&"'!A2:E1000"), (INDIRECT("'"&H$1&"'!B2:B1000")=$B27) * (INDIRECT("'"&H$1&"'!C2:C1000")=$C27) ), 5, FALSE )=0, "", VLOOKUP( $A27, _xlfn._xlws.FILTER( INDIRECT("'"&H$1&"'!A2:E1000"), (INDIRECT("'"&H$1&"'!B2:B1000")=$B27) * (INDIRECT("'"&H$1&"'!C2:C1000")=$C27) ), 5, FALSE ) )} -> Sem Técnico | I27: {=IF( VLOOKUP( $A27, _xlfn._xlws.FILTER( INDIRECT("'"&I$1&"'!A2:E1000"), (INDIRECT("'"&I$1&"'!B2:B1000")=$B27) * (INDIRECT("'"&I$1&"'!C2:C1000")=$C27) ), 5, FALSE )=0, "", VLOOKUP( $A27, _xlfn._xlws.FILTER( INDIRECT("'"&I$1&"'!A2:E1000"), (INDIRECT("'"&I$1&"'!B2:B1000")=$B27) * (INDIRECT("'"&I$1&"'!C2:C1000")=$C27) ), 5, FALSE ) )} -> Sem Técnico | J27: {=IF( VLOOKUP( $A27, _xlfn._xlws.FILTER( INDIRECT("'"&J$1&"'!A2:E1000"), (INDIRECT("'"&J$1&"'!B2:B1000")=$B27) * (INDIRECT("'"&J$1&"'!C2:C1000")=$C27) ), 5, FALSE )=0, "", VLOOKUP( $A27, _xlfn._xlws.FILTER( INDIRECT("'"&J$1&"'!A2:E1000"), (INDIRECT("'"&J$1&"'!B2:B1000")=$B27) * (INDIRECT("'"&J$1&"'!C2:C1000")=$C27) ), 5, FALSE ) )} -> Sem Técnico | K27: {=IF( VLOOKUP( $A27, _xlfn._xlws.FILTER( INDIRECT("'"&K$1&"'!A2:E1000"), (INDIRECT("'"&K$1&"'!B2:B1000")=$B27) * (INDIRECT("'"&K$1&"'!C2:C1000")=$C27) ), 5, FALSE )=0, "", VLOOKUP( $A27, _xlfn._xlws.FILTER( INDIRECT("'"&K$1&"'!A2:E1000"), (INDIRECT("'"&K$1&"'!B2:B1000")=$B27) * (INDIRECT("'"&K$1&"'!C2:C1000")=$C27) ), 5, FALSE ) )} -> Enviado | ... O27: {=IF( VLOOKUP( $A27, _xlfn._xlws.FILTER( INDIRECT("'"&O$1&"'!A2:E1000"), (INDIRECT("'"&O$1&"'!B2:B1000")=$B27) * (INDIRECT("'"&O$1&"'!C2:C1000")=$C27) ), 5, FALSE )=0, "", VLOOKUP( $A27, _xlfn._xlws.FILTER( INDIRECT("'"&O$1&"'!A2:E1000"), (INDIRECT("'"&O$1&"'!B2:B1000")=$B27) * (INDIRECT("'"&O$1&"'!C2:C1000")=$C27) ), 5, FALSE ) )}
A28: Cibax | B28: Iporã | C28: 1 | D28: {=IF( VLOOKUP( $A28, _xlfn._xlws.FILTER( INDIRECT("'"&D$1&"'!A2:E1000"), (INDIRECT("'"&D$1&"'!B2:B1000")=$B28) * (INDIRECT("'"&D$1&"'!C2:C1000")=$C28) ), 5, FALSE )=0, "", VLOOKUP( $A28, _xlfn._xlws.FILTER( INDIRECT("'"&D$1&"'!A2:E1000"), (INDIRECT("'"&D$1&"'!B2:B1000")=$B28) * (INDIRECT("'"&D$1&"'!C2:C1000")=$C28) ), 5, FALSE ) )} -> Sem Técnico | E28: {=IF( VLOOKUP( $A28, _xlfn._xlws.FILTER( INDIRECT("'"&E$1&"'!A2:E1000"), (INDIRECT("'"&E$1&"'!B2:B1000")=$B28) * (INDIRECT("'"&E$1&"'!C2:C1000")=$C28) ), 5, FALSE )=0, "", VLOOKUP( $A28, _xlfn._xlws.FILTER( INDIRECT("'"&E$1&"'!A2:E1000"), (INDIRECT("'"&E$1&"'!B2:B1000")=$B28) * (INDIRECT("'"&E$1&"'!C2:C1000")=$C28) ), 5, FALSE ) )} -> Sem Técnico | F28: {=IF( VLOOKUP( $A28, _xlfn._xlws.FILTER( INDIRECT("'"&F$1&"'!A2:E1000"), (INDIRECT("'"&F$1&"'!B2:B1000")=$B28) * (INDIRECT("'"&F$1&"'!C2:C1000")=$C28) ), 5, FALSE )=0, "", VLOOKUP( $A28, _xlfn._xlws.FILTER( INDIRECT("'"&F$1&"'!A2:E1000"), (INDIRECT("'"&F$1&"'!B2:B1000")=$B28) * (INDIRECT("'"&F$1&"'!C2:C1000")=$C28) ), 5, FALSE ) )} -> Sem Técnico | G28: {=IF( VLOOKUP( $A28, _xlfn._xlws.FILTER( INDIRECT("'"&G$1&"'!A2:E1000"), (INDIRECT("'"&G$1&"'!B2:B1000")=$B28) * (INDIRECT("'"&G$1&"'!C2:C1000")=$C28) ), 5, FALSE )=0, "", VLOOKUP( $A28, _xlfn._xlws.FILTER( INDIRECT("'"&G$1&"'!A2:E1000"), (INDIRECT("'"&G$1&"'!B2:B1000")=$B28) * (INDIRECT("'"&G$1&"'!C2:C1000")=$C28) ), 5, FALSE ) )} -> Sem Técnico | H28: {=IF( VLOOKUP( $A28, _xlfn._xlws.FILTER( INDIRECT("'"&H$1&"'!A2:E1000"), (INDIRECT("'"&H$1&"'!B2:B1000")=$B28) * (INDIRECT("'"&H$1&"'!C2:C1000")=$C28) ), 5, FALSE )=0, "", VLOOKUP( $A28, _xlfn._xlws.FILTER( INDIRECT("'"&H$1&"'!A2:E1000"), (INDIRECT("'"&H$1&"'!B2:B1000")=$B28) * (INDIRECT("'"&H$1&"'!C2:C1000")=$C28) ), 5, FALSE ) )} -> Sem Técnico | I28: {=IF( VLOOKUP( $A28, _xlfn._xlws.FILTER( INDIRECT("'"&I$1&"'!A2:E1000"), (INDIRECT("'"&I$1&"'!B2:B1000")=$B28) * (INDIRECT("'"&I$1&"'!C2:C1000")=$C28) ), 5, FALSE )=0, "", VLOOKUP( $A28, _xlfn._xlws.FILTER( INDIRECT("'"&I$1&"'!A2:E1000"), (INDIRECT("'"&I$1&"'!B2:B1000")=$B28) * (INDIRECT("'"&I$1&"'!C2:C1000")=$C28) ), 5, FALSE ) )} -> Sem Técnico | J28: {=IF( VLOOKUP( $A28, _xlfn._xlws.FILTER( INDIRECT("'"&J$1&"'!A2:E1000"), (INDIRECT("'"&J$1&"'!B2:B1000")=$B28) * (INDIRECT("'"&J$1&"'!C2:C1000")=$C28) ), 5, FALSE )=0, "", VLOOKUP( $A28, _xlfn._xlws.FILTER( INDIRECT("'"&J$1&"'!A2:E1000"), (INDIRECT("'"&J$1&"'!B2:B1000")=$B28) * (INDIRECT("'"&J$1&"'!C2:C1000")=$C28) ), 5, FALSE ) )} -> Sem Técnico | K28: {=IF( VLOOKUP( $A28, _xlfn._xlws.FILTER( INDIRECT("'"&K$1&"'!A2:E1000"), (INDIRECT("'"&K$1&"'!B2:B1000")=$B28) * (INDIRECT("'"&K$1&"'!C2:C1000")=$C28) ), 5, FALSE )=0, "", VLOOKUP( $A28, _xlfn._xlws.FILTER( INDIRECT("'"&K$1&"'!A2:E1000"), (INDIRECT("'"&K$1&"'!B2:B1000")=$B28) * (INDIRECT("'"&K$1&"'!C2:C1000")=$C28) ), 5, FALSE ) )} -> Enviado | ... O28: {=IF( VLOOKUP( $A28, _xlfn._xlws.FILTER( INDIRECT("'"&O$1&"'!A2:E1000"), (INDIRECT("'"&O$1&"'!B2:B1000")=$B28) * (INDIRECT("'"&O$1&"'!C2:C1000")=$C28) ), 5, FALSE )=0, "", VLOOKUP( $A28, _xlfn._xlws.FILTER( INDIRECT("'"&O$1&"'!A2:E1000"), (INDIRECT("'"&O$1&"'!B2:B1000")=$B28) * (INDIRECT("'"&O$1&"'!C2:C1000")=$C28) ), 5, FALSE ) )}
A29: Cibax | B29: Ivaté | C29: 1 | D29: {=IF( VLOOKUP( $A29, _xlfn._xlws.FILTER( INDIRECT("'"&D$1&"'!A2:E1000"), (INDIRECT("'"&D$1&"'!B2:B1000")=$B29) * (INDIRECT("'"&D$1&"'!C2:C1000")=$C29) ), 5, FALSE )=0, "", VLOOKUP( $A29, _xlfn._xlws.FILTER( INDIRECT("'"&D$1&"'!A2:E1000"), (INDIRECT("'"&D$1&"'!B2:B1000")=$B29) * (INDIRECT("'"&D$1&"'!C2:C1000")=$C29) ), 5, FALSE ) )} -> Sem Técnico | E29: {=IF( VLOOKUP( $A29, _xlfn._xlws.FILTER( INDIRECT("'"&E$1&"'!A2:E1000"), (INDIRECT("'"&E$1&"'!B2:B1000")=$B29) * (INDIRECT("'"&E$1&"'!C2:C1000")=$C29) ), 5, FALSE )=0, "", VLOOKUP( $A29, _xlfn._xlws.FILTER( INDIRECT("'"&E$1&"'!A2:E1000"), (INDIRECT("'"&E$1&"'!B2:B1000")=$B29) * (INDIRECT("'"&E$1&"'!C2:C1000")=$C29) ), 5, FALSE ) )} -> Sem Técnico | F29: {=IF( VLOOKUP( $A29, _xlfn._xlws.FILTER( INDIRECT("'"&F$1&"'!A2:E1000"), (INDIRECT("'"&F$1&"'!B2:B1000")=$B29) * (INDIRECT("'"&F$1&"'!C2:C1000")=$C29) ), 5, FALSE )=0, "", VLOOKUP( $A29, _xlfn._xlws.FILTER( INDIRECT("'"&F$1&"'!A2:E1000"), (INDIRECT("'"&F$1&"'!B2:B1000")=$B29) * (INDIRECT("'"&F$1&"'!C2:C1000")=$C29) ), 5, FALSE ) )} -> Sem Técnico | G29: {=IF( VLOOKUP( $A29, _xlfn._xlws.FILTER( INDIRECT("'"&G$1&"'!A2:E1000"), (INDIRECT("'"&G$1&"'!B2:B1000")=$B29) * (INDIRECT("'"&G$1&"'!C2:C1000")=$C29) ), 5, FALSE )=0, "", VLOOKUP( $A29, _xlfn._xlws.FILTER( INDIRECT("'"&G$1&"'!A2:E1000"), (INDIRECT("'"&G$1&"'!B2:B1000")=$B29) * (INDIRECT("'"&G$1&"'!C2:C1000")=$C29) ), 5, FALSE ) )} -> Sem Técnico | H29: {=IF( VLOOKUP( $A29, _xlfn._xlws.FILTER( INDIRECT("'"&H$1&"'!A2:E1000"), (INDIRECT("'"&H$1&"'!B2:B1000")=$B29) * (INDIRECT("'"&H$1&"'!C2:C1000")=$C29) ), 5, FALSE )=0, "", VLOOKUP( $A29, _xlfn._xlws.FILTER( INDIRECT("'"&H$1&"'!A2:E1000"), (INDIRECT("'"&H$1&"'!B2:B1000")=$B29) * (INDIRECT("'"&H$1&"'!C2:C1000")=$C29) ), 5, FALSE ) )} -> Sem Técnico | I29: {=IF( VLOOKUP( $A29, _xlfn._xlws.FILTER( INDIRECT("'"&I$1&"'!A2:E1000"), (INDIRECT("'"&I$1&"'!B2:B1000")=$B29) * (INDIRECT("'"&I$1&"'!C2:C1000")=$C29) ), 5, FALSE )=0, "", VLOOKUP( $A29, _xlfn._xlws.FILTER( INDIRECT("'"&I$1&"'!A2:E1000"), (INDIRECT("'"&I$1&"'!B2:B1000")=$B29) * (INDIRECT("'"&I$1&"'!C2:C1000")=$C29) ), 5, FALSE ) )} -> Sem Técnico | J29: {=IF( VLOOKUP( $A29, _xlfn._xlws.FILTER( INDIRECT("'"&J$1&"'!A2:E1000"), (INDIRECT("'"&J$1&"'!B2:B1000")=$B29) * (INDIRECT("'"&J$1&"'!C2:C1000")=$C29) ), 5, FALSE )=0, "", VLOOKUP( $A29, _xlfn._xlws.FILTER( INDIRECT("'"&J$1&"'!A2:E1000"), (INDIRECT("'"&J$1&"'!B2:B1000")=$B29) * (INDIRECT("'"&J$1&"'!C2:C1000")=$C29) ), 5, FALSE ) )} -> Sem Técnico | K29: {=IF( VLOOKUP( $A29, _xlfn._xlws.FILTER( INDIRECT("'"&K$1&"'!A2:E1000"), (INDIRECT("'"&K$1&"'!B2:B1000")=$B29) * (INDIRECT("'"&K$1&"'!C2:C1000")=$C29) ), 5, FALSE )=0, "", VLOOKUP( $A29, _xlfn._xlws.FILTER( INDIRECT("'"&K$1&"'!A2:E1000"), (INDIRECT("'"&K$1&"'!B2:B1000")=$B29) * (INDIRECT("'"&K$1&"'!C2:C1000")=$C29) ), 5, FALSE ) )} -> Enviado | ... O29: {=IF( VLOOKUP( $A29, _xlfn._xlws.FILTER( INDIRECT("'"&O$1&"'!A2:E1000"), (INDIRECT("'"&O$1&"'!B2:B1000")=$B29) * (INDIRECT("'"&O$1&"'!C2:C1000")=$C29) ), 5, FALSE )=0, "", VLOOKUP( $A29, _xlfn._xlws.FILTER( INDIRECT("'"&O$1&"'!A2:E1000"), (INDIRECT("'"&O$1&"'!B2:B1000")=$B29) * (INDIRECT("'"&O$1&"'!C2:C1000")=$C29) ), 5, FALSE ) )}
A30: Cibax | B30: Mariluz | C30: 1 | D30: {=IF( VLOOKUP( $A30, _xlfn._xlws.FILTER( INDIRECT("'"&D$1&"'!A2:E1000"), (INDIRECT("'"&D$1&"'!B2:B1000")=$B30) * (INDIRECT("'"&D$1&"'!C2:C1000")=$C30) ), 5, FALSE )=0, "", VLOOKUP( $A30, _xlfn._xlws.FILTER( INDIRECT("'"&D$1&"'!A2:E1000"), (INDIRECT("'"&D$1&"'!B2:B1000")=$B30) * (INDIRECT("'"&D$1&"'!C2:C1000")=$C30) ), 5, FALSE ) )} -> Sem Técnico | E30: {=IF( VLOOKUP( $A30, _xlfn._xlws.FILTER( INDIRECT("'"&E$1&"'!A2:E1000"), (INDIRECT("'"&E$1&"'!B2:B1000")=$B30) * (INDIRECT("'"&E$1&"'!C2:C1000")=$C30) ), 5, FALSE )=0, "", VLOOKUP( $A30, _xlfn._xlws.FILTER( INDIRECT("'"&E$1&"'!A2:E1000"), (INDIRECT("'"&E$1&"'!B2:B1000")=$B30) * (INDIRECT("'"&E$1&"'!C2:C1000")=$C30) ), 5, FALSE ) )} -> Sem Técnico | F30: {=IF( VLOOKUP( $A30, _xlfn._xlws.FILTER( INDIRECT("'"&F$1&"'!A2:E1000"), (INDIRECT("'"&F$1&"'!B2:B1000")=$B30) * (INDIRECT("'"&F$1&"'!C2:C1000")=$C30) ), 5, FALSE )=0, "", VLOOKUP( $A30, _xlfn._xlws.FILTER( INDIRECT("'"&F$1&"'!A2:E1000"), (INDIRECT("'"&F$1&"'!B2:B1000")=$B30) * (INDIRECT("'"&F$1&"'!C2:C1000")=$C30) ), 5, FALSE ) )} -> Sem Técnico | G30: {=IF( VLOOKUP( $A30, _xlfn._xlws.FILTER( INDIRECT("'"&G$1&"'!A2:E1000"), (INDIRECT("'"&G$1&"'!B2:B1000")=$B30) * (INDIRECT("'"&G$1&"'!C2:C1000")=$C30) ), 5, FALSE )=0, "", VLOOKUP( $A30, _xlfn._xlws.FILTER( INDIRECT("'"&G$1&"'!A2:E1000"), (INDIRECT("'"&G$1&"'!B2:B1000")=$B30) * (INDIRECT("'"&G$1&"'!C2:C1000")=$C30) ), 5, FALSE ) )} -> Sem Técnico | H30: {=IF( VLOOKUP( $A30, _xlfn._xlws.FILTER( INDIRECT("'"&H$1&"'!A2:E1000"), (INDIRECT("'"&H$1&"'!B2:B1000")=$B30) * (INDIRECT("'"&H$1&"'!C2:C1000")=$C30) ), 5, FALSE )=0, "", VLOOKUP( $A30, _xlfn._xlws.FILTER( INDIRECT("'"&H$1&"'!A2:E1000"), (INDIRECT("'"&H$1&"'!B2:B1000")=$B30) * (INDIRECT("'"&H$1&"'!C2:C1000")=$C30) ), 5, FALSE ) )} -> Sem Técnico | I30: {=IF( VLOOKUP( $A30, _xlfn._xlws.FILTER( INDIRECT("'"&I$1&"'!A2:E1000"), (INDIRECT("'"&I$1&"'!B2:B1000")=$B30) * (INDIRECT("'"&I$1&"'!C2:C1000")=$C30) ), 5, FALSE )=0, "", VLOOKUP( $A30, _xlfn._xlws.FILTER( INDIRECT("'"&I$1&"'!A2:E1000"), (INDIRECT("'"&I$1&"'!B2:B1000")=$B30) * (INDIRECT("'"&I$1&"'!C2:C1000")=$C30) ), 5, FALSE ) )} -> Sem Técnico | J30: {=IF( VLOOKUP( $A30, _xlfn._xlws.FILTER( INDIRECT("'"&J$1&"'!A2:E1000"), (INDIRECT("'"&J$1&"'!B2:B1000")=$B30) * (INDIRECT("'"&J$1&"'!C2:C1000")=$C30) ), 5, FALSE )=0, "", VLOOKUP( $A30, _xlfn._xlws.FILTER( INDIRECT("'"&J$1&"'!A2:E1000"), (INDIRECT("'"&J$1&"'!B2:B1000")=$B30) * (INDIRECT("'"&J$1&"'!C2:C1000")=$C30) ), 5, FALSE ) )} -> Sem Técnico | K30: {=IF( VLOOKUP( $A30, _xlfn._xlws.FILTER( INDIRECT("'"&K$1&"'!A2:E1000"), (INDIRECT("'"&K$1&"'!B2:B1000")=$B30) * (INDIRECT("'"&K$1&"'!C2:C1000")=$C30) ), 5, FALSE )=0, "", VLOOKUP( $A30, _xlfn._xlws.FILTER( INDIRECT("'"&K$1&"'!A2:E1000"), (INDIRECT("'"&K$1&"'!B2:B1000")=$B30) * (INDIRECT("'"&K$1&"'!C2:C1000")=$C30) ), 5, FALSE ) )} -> Atrasado >= 2 | ... O30: {=IF( VLOOKUP( $A30, _xlfn._xlws.FILTER( INDIRECT("'"&O$1&"'!A2:E1000"), (INDIRECT("'"&O$1&"'!B2:B1000")=$B30) * (INDIRECT("'"&O$1&"'!C2:C1000")=$C30) ), 5, FALSE )=0, "", VLOOKUP( $A30, _xlfn._xlws.FILTER( INDIRECT("'"&O$1&"'!A2:E1000"), (INDIRECT("'"&O$1&"'!B2:B1000")=$B30) * (INDIRECT("'"&O$1&"'!C2:C1000")=$C30) ), 5, FALSE ) )}
A31: Cibax | B31: Perobal | C31: 1 | D31: {=IF( VLOOKUP( $A31, _xlfn._xlws.FILTER( INDIRECT("'"&D$1&"'!A2:E1000"), (INDIRECT("'"&D$1&"'!B2:B1000")=$B31) * (INDIRECT("'"&D$1&"'!C2:C1000")=$C31) ), 5, FALSE )=0, "", VLOOKUP( $A31, _xlfn._xlws.FILTER( INDIRECT("'"&D$1&"'!A2:E1000"), (INDIRECT("'"&D$1&"'!B2:B1000")=$B31) * (INDIRECT("'"&D$1&"'!C2:C1000")=$C31) ), 5, FALSE ) )} -> Sem Técnico | E31: {=IF( VLOOKUP( $A31, _xlfn._xlws.FILTER( INDIRECT("'"&E$1&"'!A2:E1000"), (INDIRECT("'"&E$1&"'!B2:B1000")=$B31) * (INDIRECT("'"&E$1&"'!C2:C1000")=$C31) ), 5, FALSE )=0, "", VLOOKUP( $A31, _xlfn._xlws.FILTER( INDIRECT("'"&E$1&"'!A2:E1000"), (INDIRECT("'"&E$1&"'!B2:B1000")=$B31) * (INDIRECT("'"&E$1&"'!C2:C1000")=$C31) ), 5, FALSE ) )} -> Sem Técnico | F31: {=IF( VLOOKUP( $A31, _xlfn._xlws.FILTER( INDIRECT("'"&F$1&"'!A2:E1000"), (INDIRECT("'"&F$1&"'!B2:B1000")=$B31) * (INDIRECT("'"&F$1&"'!C2:C1000")=$C31) ), 5, FALSE )=0, "", VLOOKUP( $A31, _xlfn._xlws.FILTER( INDIRECT("'"&F$1&"'!A2:E1000"), (INDIRECT("'"&F$1&"'!B2:B1000")=$B31) * (INDIRECT("'"&F$1&"'!C2:C1000")=$C31) ), 5, FALSE ) )} -> Sem Técnico | G31: {=IF( VLOOKUP( $A31, _xlfn._xlws.FILTER( INDIRECT("'"&G$1&"'!A2:E1000"), (INDIRECT("'"&G$1&"'!B2:B1000")=$B31) * (INDIRECT("'"&G$1&"'!C2:C1000")=$C31) ), 5, FALSE )=0, "", VLOOKUP( $A31, _xlfn._xlws.FILTER( INDIRECT("'"&G$1&"'!A2:E1000"), (INDIRECT("'"&G$1&"'!B2:B1000")=$B31) * (INDIRECT("'"&G$1&"'!C2:C1000")=$C31) ), 5, FALSE ) )} -> Sem Técnico | H31: {=IF( VLOOKUP( $A31, _xlfn._xlws.FILTER( INDIRECT("'"&H$1&"'!A2:E1000"), (INDIRECT("'"&H$1&"'!B2:B1000")=$B31) * (INDIRECT("'"&H$1&"'!C2:C1000")=$C31) ), 5, FALSE )=0, "", VLOOKUP( $A31, _xlfn._xlws.FILTER( INDIRECT("'"&H$1&"'!A2:E1000"), (INDIRECT("'"&H$1&"'!B2:B1000")=$B31) * (INDIRECT("'"&H$1&"'!C2:C1000")=$C31) ), 5, FALSE ) )} -> Sem Técnico | I31: {=IF( VLOOKUP( $A31, _xlfn._xlws.FILTER( INDIRECT("'"&I$1&"'!A2:E1000"), (INDIRECT("'"&I$1&"'!B2:B1000")=$B31) * (INDIRECT("'"&I$1&"'!C2:C1000")=$C31) ), 5, FALSE )=0, "", VLOOKUP( $A31, _xlfn._xlws.FILTER( INDIRECT("'"&I$1&"'!A2:E1000"), (INDIRECT("'"&I$1&"'!B2:B1000")=$B31) * (INDIRECT("'"&I$1&"'!C2:C1000")=$C31) ), 5, FALSE ) )} -> Sem Técnico | J31: {=IF( VLOOKUP( $A31, _xlfn._xlws.FILTER( INDIRECT("'"&J$1&"'!A2:E1000"), (INDIRECT("'"&J$1&"'!B2:B1000")=$B31) * (INDIRECT("'"&J$1&"'!C2:C1000")=$C31) ), 5, FALSE )=0, "", VLOOKUP( $A31, _xlfn._xlws.FILTER( INDIRECT("'"&J$1&"'!A2:E1000"), (INDIRECT("'"&J$1&"'!B2:B1000")=$B31) * (INDIRECT("'"&J$1&"'!C2:C1000")=$C31) ), 5, FALSE ) )} -> Sem Técnico | K31: {=IF( VLOOKUP( $A31, _xlfn._xlws.FILTER( INDIRECT("'"&K$1&"'!A2:E1000"), (INDIRECT("'"&K$1&"'!B2:B1000")=$B31) * (INDIRECT("'"&K$1&"'!C2:C1000")=$C31) ), 5, FALSE )=0, "", VLOOKUP( $A31, _xlfn._xlws.FILTER( INDIRECT("'"&K$1&"'!A2:E1000"), (INDIRECT("'"&K$1&"'!B2:B1000")=$B31) * (INDIRECT("'"&K$1&"'!C2:C1000")=$C31) ), 5, FALSE ) )} -> Outras Ocorrências | ... O31: {=IF( VLOOKUP( $A31, _xlfn._xlws.FILTER( INDIRECT("'"&O$1&"'!A2:E1000"), (INDIRECT("'"&O$1&"'!B2:B1000")=$B31) * (INDIRECT("'"&O$1&"'!C2:C1000")=$C31) ), 5, FALSE )=0, "", VLOOKUP( $A31, _xlfn._xlws.FILTER( INDIRECT("'"&O$1&"'!A2:E1000"), (INDIRECT("'"&O$1&"'!B2:B1000")=$B31) * (INDIRECT("'"&O$1&"'!C2:C1000")=$C31) ), 5, FALSE ) )} -> Outras Ocorrências
A32: Cibax | B32: Pérola | C32: 1 | D32: {=IF( VLOOKUP( $A32, _xlfn._xlws.FILTER( INDIRECT("'"&D$1&"'!A2:E1000"), (INDIRECT("'"&D$1&"'!B2:B1000")=$B32) * (INDIRECT("'"&D$1&"'!C2:C1000")=$C32) ), 5, FALSE )=0, "", VLOOKUP( $A32, _xlfn._xlws.FILTER( INDIRECT("'"&D$1&"'!A2:E1000"), (INDIRECT("'"&D$1&"'!B2:B1000")=$B32) * (INDIRECT("'"&D$1&"'!C2:C1000")=$C32) ), 5, FALSE ) )} -> Sem Técnico | E32: {=IF( VLOOKUP( $A32, _xlfn._xlws.FILTER( INDIRECT("'"&E$1&"'!A2:E1000"), (INDIRECT("'"&E$1&"'!B2:B1000")=$B32) * (INDIRECT("'"&E$1&"'!C2:C1000")=$C32) ), 5, FALSE )=0, "", VLOOKUP( $A32, _xlfn._xlws.FILTER( INDIRECT("'"&E$1&"'!A2:E1000"), (INDIRECT("'"&E$1&"'!B2:B1000")=$B32) * (INDIRECT("'"&E$1&"'!C2:C1000")=$C32) ), 5, FALSE ) )} -> Sem Técnico | F32: {=IF( VLOOKUP( $A32, _xlfn._xlws.FILTER( INDIRECT("'"&F$1&"'!A2:E1000"), (INDIRECT("'"&F$1&"'!B2:B1000")=$B32) * (INDIRECT("'"&F$1&"'!C2:C1000")=$C32) ), 5, FALSE )=0, "", VLOOKUP( $A32, _xlfn._xlws.FILTER( INDIRECT("'"&F$1&"'!A2:E1000"), (INDIRECT("'"&F$1&"'!B2:B1000")=$B32) * (INDIRECT("'"&F$1&"'!C2:C1000")=$C32) ), 5, FALSE ) )} -> Sem Técnico | G32: {=IF( VLOOKUP( $A32, _xlfn._xlws.FILTER( INDIRECT("'"&G$1&"'!A2:E1000"), (INDIRECT("'"&G$1&"'!B2:B1000")=$B32) * (INDIRECT("'"&G$1&"'!C2:C1000")=$C32) ), 5, FALSE )=0, "", VLOOKUP( $A32, _xlfn._xlws.FILTER( INDIRECT("'"&G$1&"'!A2:E1000"), (INDIRECT("'"&G$1&"'!B2:B1000")=$B32) * (INDIRECT("'"&G$1&"'!C2:C1000")=$C32) ), 5, FALSE ) )} -> Sem Técnico | H32: {=IF( VLOOKUP( $A32, _xlfn._xlws.FILTER( INDIRECT("'"&H$1&"'!A2:E1000"), (INDIRECT("'"&H$1&"'!B2:B1000")=$B32) * (INDIRECT("'"&H$1&"'!C2:C1000")=$C32) ), 5, FALSE )=0, "", VLOOKUP( $A32, _xlfn._xlws.FILTER( INDIRECT("'"&H$1&"'!A2:E1000"), (INDIRECT("'"&H$1&"'!B2:B1000")=$B32) * (INDIRECT("'"&H$1&"'!C2:C1000")=$C32) ), 5, FALSE ) )} -> Sem Técnico | I32: {=IF( VLOOKUP( $A32, _xlfn._xlws.FILTER( INDIRECT("'"&I$1&"'!A2:E1000"), (INDIRECT("'"&I$1&"'!B2:B1000")=$B32) * (INDIRECT("'"&I$1&"'!C2:C1000")=$C32) ), 5, FALSE )=0, "", VLOOKUP( $A32, _xlfn._xlws.FILTER( INDIRECT("'"&I$1&"'!A2:E1000"), (INDIRECT("'"&I$1&"'!B2:B1000")=$B32) * (INDIRECT("'"&I$1&"'!C2:C1000")=$C32) ), 5, FALSE ) )} -> Sem Técnico | J32: {=IF( VLOOKUP( $A32, _xlfn._xlws.FILTER( INDIRECT("'"&J$1&"'!A2:E1000"), (INDIRECT("'"&J$1&"'!B2:B1000")=$B32) * (INDIRECT("'"&J$1&"'!C2:C1000")=$C32) ), 5, FALSE )=0, "", VLOOKUP( $A32, _xlfn._xlws.FILTER( INDIRECT("'"&J$1&"'!A2:E1000"), (INDIRECT("'"&J$1&"'!B2:B1000")=$B32) * (INDIRECT("'"&J$1&"'!C2:C1000")=$C32) ), 5, FALSE ) )} -> Sem Técnico | K32: {=IF( VLOOKUP( $A32, _xlfn._xlws.FILTER( INDIRECT("'"&K$1&"'!A2:E1000"), (INDIRECT("'"&K$1&"'!B2:B1000")=$B32) * (INDIRECT("'"&K$1&"'!C2:C1000")=$C32) ), 5, FALSE )=0, "", VLOOKUP( $A32, _xlfn._xlws.FILTER( INDIRECT("'"&K$1&"'!A2:E1000"), (INDIRECT("'"&K$1&"'!B2:B1000")=$B32) * (INDIRECT("'"&K$1&"'!C2:C1000")=$C32) ), 5, FALSE ) )} -> Enviado | ... O32: {=IF( VLOOKUP( $A32, _xlfn._xlws.FILTER( INDIRECT("'"&O$1&"'!A2:E1000"), (INDIRECT("'"&O$1&"'!B2:B1000")=$B32) * (INDIRECT("'"&O$1&"'!C2:C1000")=$C32) ), 5, FALSE )=0, "", VLOOKUP( $A32, _xlfn._xlws.FILTER( INDIRECT("'"&O$1&"'!A2:E1000"), (INDIRECT("'"&O$1&"'!B2:B1000")=$B32) * (INDIRECT("'"&O$1&"'!C2:C1000")=$C32) ), 5, FALSE ) )}
A33: Cibax | B33: Umuarama | C33: 1 | D33: {=IF( VLOOKUP( $A33, _xlfn._xlws.FILTER( INDIRECT("'"&D$1&"'!A2:E1000"), (INDIRECT("'"&D$1&"'!B2:B1000")=$B33) * (INDIRECT("'"&D$1&"'!C2:C1000")=$C33) ), 5, FALSE )=0, "", VLOOKUP( $A33, _xlfn._xlws.FILTER( INDIRECT("'"&D$1&"'!A2:E1000"), (INDIRECT("'"&D$1&"'!B2:B1000")=$B33) * (INDIRECT("'"&D$1&"'!C2:C1000")=$C33) ), 5, FALSE ) )} -> Sem Técnico | E33: {=IF( VLOOKUP( $A33, _xlfn._xlws.FILTER( INDIRECT("'"&E$1&"'!A2:E1000"), (INDIRECT("'"&E$1&"'!B2:B1000")=$B33) * (INDIRECT("'"&E$1&"'!C2:C1000")=$C33) ), 5, FALSE )=0, "", VLOOKUP( $A33, _xlfn._xlws.FILTER( INDIRECT("'"&E$1&"'!A2:E1000"), (INDIRECT("'"&E$1&"'!B2:B1000")=$B33) * (INDIRECT("'"&E$1&"'!C2:C1000")=$C33) ), 5, FALSE ) )} -> Sem Técnico | F33: {=IF( VLOOKUP( $A33, _xlfn._xlws.FILTER( INDIRECT("'"&F$1&"'!A2:E1000"), (INDIRECT("'"&F$1&"'!B2:B1000")=$B33) * (INDIRECT("'"&F$1&"'!C2:C1000")=$C33) ), 5, FALSE )=0, "", VLOOKUP( $A33, _xlfn._xlws.FILTER( INDIRECT("'"&F$1&"'!A2:E1000"), (INDIRECT("'"&F$1&"'!B2:B1000")=$B33) * (INDIRECT("'"&F$1&"'!C2:C1000")=$C33) ), 5, FALSE ) )} -> Sem Técnico | G33: {=IF( VLOOKUP( $A33, _xlfn._xlws.FILTER( INDIRECT("'"&G$1&"'!A2:E1000"), (INDIRECT("'"&G$1&"'!B2:B1000")=$B33) * (INDIRECT("'"&G$1&"'!C2:C1000")=$C33) ), 5, FALSE )=0, "", VLOOKUP( $A33, _xlfn._xlws.FILTER( INDIRECT("'"&G$1&"'!A2:E1000"), (INDIRECT("'"&G$1&"'!B2:B1000")=$B33) * (INDIRECT("'"&G$1&"'!C2:C1000")=$C33) ), 5, FALSE ) )} -> Sem Técnico | H33: {=IF( VLOOKUP( $A33, _xlfn._xlws.FILTER( INDIRECT("'"&H$1&"'!A2:E1000"), (INDIRECT("'"&H$1&"'!B2:B1000")=$B33) * (INDIRECT("'"&H$1&"'!C2:C1000")=$C33) ), 5, FALSE )=0, "", VLOOKUP( $A33, _xlfn._xlws.FILTER( INDIRECT("'"&H$1&"'!A2:E1000"), (INDIRECT("'"&H$1&"'!B2:B1000")=$B33) * (INDIRECT("'"&H$1&"'!C2:C1000")=$C33) ), 5, FALSE ) )} -> Sem Técnico | I33: {=IF( VLOOKUP( $A33, _xlfn._xlws.FILTER( INDIRECT("'"&I$1&"'!A2:E1000"), (INDIRECT("'"&I$1&"'!B2:B1000")=$B33) * (INDIRECT("'"&I$1&"'!C2:C1000")=$C33) ), 5, FALSE )=0, "", VLOOKUP( $A33, _xlfn._xlws.FILTER( INDIRECT("'"&I$1&"'!A2:E1000"), (INDIRECT("'"&I$1&"'!B2:B1000")=$B33) * (INDIRECT("'"&I$1&"'!C2:C1000")=$C33) ), 5, FALSE ) )} -> Sem Técnico | J33: {=IF( VLOOKUP( $A33, _xlfn._xlws.FILTER( INDIRECT("'"&J$1&"'!A2:E1000"), (INDIRECT("'"&J$1&"'!B2:B1000")=$B33) * (INDIRECT("'"&J$1&"'!C2:C1000")=$C33) ), 5, FALSE )=0, "", VLOOKUP( $A33, _xlfn._xlws.FILTER( INDIRECT("'"&J$1&"'!A2:E1000"), (INDIRECT("'"&J$1&"'!B2:B1000")=$B33) * (INDIRECT("'"&J$1&"'!C2:C1000")=$C33) ), 5, FALSE ) )} -> Sem Técnico | K33: {=IF( VLOOKUP( $A33, _xlfn._xlws.FILTER( INDIRECT("'"&K$1&"'!A2:E1000"), (INDIRECT("'"&K$1&"'!B2:B1000")=$B33) * (INDIRECT("'"&K$1&"'!C2:C1000")=$C33) ), 5, FALSE )=0, "", VLOOKUP( $A33, _xlfn._xlws.FILTER( INDIRECT("'"&K$1&"'!A2:E1000"), (INDIRECT("'"&K$1&"'!B2:B1000")=$B33) * (INDIRECT("'"&K$1&"'!C2:C1000")=$C33) ), 5, FALSE ) )} -> Enviado | ... O33: {=IF( VLOOKUP( $A33, _xlfn._xlws.FILTER( INDIRECT("'"&O$1&"'!A2:E1000"), (INDIRECT("'"&O$1&"'!B2:B1000")=$B33) * (INDIRECT("'"&O$1&"'!C2:C1000")=$C33) ), 5, FALSE )=0, "", VLOOKUP( $A33, _xlfn._xlws.FILTER( INDIRECT("'"&O$1&"'!A2:E1000"), (INDIRECT("'"&O$1&"'!B2:B1000")=$B33) * (INDIRECT("'"&O$1&"'!C2:C1000")=$C33) ), 5, FALSE ) )}
A34: Cibax | B34: Xambre | C34: 1 | D34: {=IF( VLOOKUP( $A34, _xlfn._xlws.FILTER( INDIRECT("'"&D$1&"'!A2:E1000"), (INDIRECT("'"&D$1&"'!B2:B1000")=$B34) * (INDIRECT("'"&D$1&"'!C2:C1000")=$C34) ), 5, FALSE )=0, "", VLOOKUP( $A34, _xlfn._xlws.FILTER( INDIRECT("'"&D$1&"'!A2:E1000"), (INDIRECT("'"&D$1&"'!B2:B1000")=$B34) * (INDIRECT("'"&D$1&"'!C2:C1000")=$C34) ), 5, FALSE ) )} -> Sem Técnico | E34: {=IF( VLOOKUP( $A34, _xlfn._xlws.FILTER( INDIRECT("'"&E$1&"'!A2:E1000"), (INDIRECT("'"&E$1&"'!B2:B1000")=$B34) * (INDIRECT("'"&E$1&"'!C2:C1000")=$C34) ), 5, FALSE )=0, "", VLOOKUP( $A34, _xlfn._xlws.FILTER( INDIRECT("'"&E$1&"'!A2:E1000"), (INDIRECT("'"&E$1&"'!B2:B1000")=$B34) * (INDIRECT("'"&E$1&"'!C2:C1000")=$C34) ), 5, FALSE ) )} -> Sem Técnico | F34: {=IF( VLOOKUP( $A34, _xlfn._xlws.FILTER( INDIRECT("'"&F$1&"'!A2:E1000"), (INDIRECT("'"&F$1&"'!B2:B1000")=$B34) * (INDIRECT("'"&F$1&"'!C2:C1000")=$C34) ), 5, FALSE )=0, "", VLOOKUP( $A34, _xlfn._xlws.FILTER( INDIRECT("'"&F$1&"'!A2:E1000"), (INDIRECT("'"&F$1&"'!B2:B1000")=$B34) * (INDIRECT("'"&F$1&"'!C2:C1000")=$C34) ), 5, FALSE ) )} -> Sem Técnico | G34: {=IF( VLOOKUP( $A34, _xlfn._xlws.FILTER( INDIRECT("'"&G$1&"'!A2:E1000"), (INDIRECT("'"&G$1&"'!B2:B1000")=$B34) * (INDIRECT("'"&G$1&"'!C2:C1000")=$C34) ), 5, FALSE )=0, "", VLOOKUP( $A34, _xlfn._xlws.FILTER( INDIRECT("'"&G$1&"'!A2:E1000"), (INDIRECT("'"&G$1&"'!B2:B1000")=$B34) * (INDIRECT("'"&G$1&"'!C2:C1000")=$C34) ), 5, FALSE ) )} -> Sem Técnico | H34: {=IF( VLOOKUP( $A34, _xlfn._xlws.FILTER( INDIRECT("'"&H$1&"'!A2:E1000"), (INDIRECT("'"&H$1&"'!B2:B1000")=$B34) * (INDIRECT("'"&H$1&"'!C2:C1000")=$C34) ), 5, FALSE )=0, "", VLOOKUP( $A34, _xlfn._xlws.FILTER( INDIRECT("'"&H$1&"'!A2:E1000"), (INDIRECT("'"&H$1&"'!B2:B1000")=$B34) * (INDIRECT("'"&H$1&"'!C2:C1000")=$C34) ), 5, FALSE ) )} -> Sem Técnico | I34: {=IF( VLOOKUP( $A34, _xlfn._xlws.FILTER( INDIRECT("'"&I$1&"'!A2:E1000"), (INDIRECT("'"&I$1&"'!B2:B1000")=$B34) * (INDIRECT("'"&I$1&"'!C2:C1000")=$C34) ), 5, FALSE )=0, "", VLOOKUP( $A34, _xlfn._xlws.FILTER( INDIRECT("'"&I$1&"'!A2:E1000"), (INDIRECT("'"&I$1&"'!B2:B1000")=$B34) * (INDIRECT("'"&I$1&"'!C2:C1000")=$C34) ), 5, FALSE ) )} -> Sem Técnico | J34: {=IF( VLOOKUP( $A34, _xlfn._xlws.FILTER( INDIRECT("'"&J$1&"'!A2:E1000"), (INDIRECT("'"&J$1&"'!B2:B1000")=$B34) * (INDIRECT("'"&J$1&"'!C2:C1000")=$C34) ), 5, FALSE )=0, "", VLOOKUP( $A34, _xlfn._xlws.FILTER( INDIRECT("'"&J$1&"'!A2:E1000"), (INDIRECT("'"&J$1&"'!B2:B1000")=$B34) * (INDIRECT("'"&J$1&"'!C2:C1000")=$C34) ), 5, FALSE ) )} -> Sem Técnico | K34: {=IF( VLOOKUP( $A34, _xlfn._xlws.FILTER( INDIRECT("'"&K$1&"'!A2:E1000"), (INDIRECT("'"&K$1&"'!B2:B1000")=$B34) * (INDIRECT("'"&K$1&"'!C2:C1000")=$C34) ), 5, FALSE )=0, "", VLOOKUP( $A34, _xlfn._xlws.FILTER( INDIRECT("'"&K$1&"'!A2:E1000"), (INDIRECT("'"&K$1&"'!B2:B1000")=$B34) * (INDIRECT("'"&K$1&"'!C2:C1000")=$C34) ), 5, FALSE ) )} -> Enviado | ... O34: {=IF( VLOOKUP( $A34, _xlfn._xlws.FILTER( INDIRECT("'"&O$1&"'!A2:E1000"), (INDIRECT("'"&O$1&"'!B2:B1000")=$B34) * (INDIRECT("'"&O$1&"'!C2:C1000")=$C34) ), 5, FALSE )=0, "", VLOOKUP( $A34, _xlfn._xlws.FILTER( INDIRECT("'"&O$1&"'!A2:E1000"), (INDIRECT("'"&O$1&"'!B2:B1000")=$B34) * (INDIRECT("'"&O$1&"'!C2:C1000")=$C34) ), 5, FALSE ) )}
A36: Regional | B36: Municípios | C36: UVR | D36: 01.25 | E36: 02.25 | F36: 03.25 | G36: 04.25 | H36: 05.25 | I36: 06.25 | J36: 07.25 | K36: 08.25 | L36: 09.25 | M36: 10.25 | N36: 11.25 | O36: 12.25
A37: Cifra | B37: Bela Vista da Caroba | C37: 1 | D37: {=IF( VLOOKUP( $A37, _xlfn._xlws.FILTER( INDIRECT("'"&D$1&"'!A2:E1000"), (INDIRECT("'"&D$1&"'!B2:B1000")=$B37) * (INDIRECT("'"&D$1&"'!C2:C1000")=$C37) ), 5, FALSE )=0, "", VLOOKUP( $A37, _xlfn._xlws.FILTER( INDIRECT("'"&D$1&"'!A2:E1000"), (INDIRECT("'"&D$1&"'!B2:B1000")=$B37) * (INDIRECT("'"&D$1&"'!C2:C1000")=$C37) ), 5, FALSE ) )} -> Sem Técnico | E37: {=IF( VLOOKUP( $A37, _xlfn._xlws.FILTER( INDIRECT("'"&E$1&"'!A2:E1000"), (INDIRECT("'"&E$1&"'!B2:B1000")=$B37) * (INDIRECT("'"&E$1&"'!C2:C1000")=$C37) ), 5, FALSE )=0, "", VLOOKUP( $A37, _xlfn._xlws.FILTER( INDIRECT("'"&E$1&"'!A2:E1000"), (INDIRECT("'"&E$1&"'!B2:B1000")=$B37) * (INDIRECT("'"&E$1&"'!C2:C1000")=$C37) ), 5, FALSE ) )} -> Sem Técnico | F37: {=IF( VLOOKUP( $A37, _xlfn._xlws.FILTER( INDIRECT("'"&F$1&"'!A2:E1000"), (INDIRECT("'"&F$1&"'!B2:B1000")=$B37) * (INDIRECT("'"&F$1&"'!C2:C1000")=$C37) ), 5, FALSE )=0, "", VLOOKUP( $A37, _xlfn._xlws.FILTER( INDIRECT("'"&F$1&"'!A2:E1000"), (INDIRECT("'"&F$1&"'!B2:B1000")=$B37) * (INDIRECT("'"&F$1&"'!C2:C1000")=$C37) ), 5, FALSE ) )} -> Sem Técnico | G37: {=IF( VLOOKUP( $A37, _xlfn._xlws.FILTER( INDIRECT("'"&G$1&"'!A2:E1000"), (INDIRECT("'"&G$1&"'!B2:B1000")=$B37) * (INDIRECT("'"&G$1&"'!C2:C1000")=$C37) ), 5, FALSE )=0, "", VLOOKUP( $A37, _xlfn._xlws.FILTER( INDIRECT("'"&G$1&"'!A2:E1000"), (INDIRECT("'"&G$1&"'!B2:B1000")=$B37) * (INDIRECT("'"&G$1&"'!C2:C1000")=$C37) ), 5, FALSE ) )} -> Sem Técnico | H37: {=IF( VLOOKUP( $A37, _xlfn._xlws.FILTER( INDIRECT("'"&H$1&"'!A2:E1000"), (INDIRECT("'"&H$1&"'!B2:B1000")=$B37) * (INDIRECT("'"&H$1&"'!C2:C1000")=$C37) ), 5, FALSE )=0, "", VLOOKUP( $A37, _xlfn._xlws.FILTER( INDIRECT("'"&H$1&"'!A2:E1000"), (INDIRECT("'"&H$1&"'!B2:B1000")=$B37) * (INDIRECT("'"&H$1&"'!C2:C1000")=$C37) ), 5, FALSE ) )} -> Sem Técnico | I37: {=IF( VLOOKUP( $A37, _xlfn._xlws.FILTER( INDIRECT("'"&I$1&"'!A2:E1000"), (INDIRECT("'"&I$1&"'!B2:B1000")=$B37) * (INDIRECT("'"&I$1&"'!C2:C1000")=$C37) ), 5, FALSE )=0, "", VLOOKUP( $A37, _xlfn._xlws.FILTER( INDIRECT("'"&I$1&"'!A2:E1000"), (INDIRECT("'"&I$1&"'!B2:B1000")=$B37) * (INDIRECT("'"&I$1&"'!C2:C1000")=$C37) ), 5, FALSE ) )} -> Sem Técnico | J37: {=IF( VLOOKUP( $A37, _xlfn._xlws.FILTER( INDIRECT("'"&J$1&"'!A2:E1000"), (INDIRECT("'"&J$1&"'!B2:B1000")=$B37) * (INDIRECT("'"&J$1&"'!C2:C1000")=$C37) ), 5, FALSE )=0, "", VLOOKUP( $A37, _xlfn._xlws.FILTER( INDIRECT("'"&J$1&"'!A2:E1000"), (INDIRECT("'"&J$1&"'!B2:B1000")=$B37) * (INDIRECT("'"&J$1&"'!C2:C1000")=$C37) ), 5, FALSE ) )} -> Sem Técnico | K37: {=IF( VLOOKUP( $A37, _xlfn._xlws.FILTER( INDIRECT("'"&K$1&"'!A2:E1000"), (INDIRECT("'"&K$1&"'!B2:B1000")=$B37) * (INDIRECT("'"&K$1&"'!C2:C1000")=$C37) ), 5, FALSE )=0, "", VLOOKUP( $A37, _xlfn._xlws.FILTER( INDIRECT("'"&K$1&"'!A2:E1000"), (INDIRECT("'"&K$1&"'!B2:B1000")=$B37) * (INDIRECT("'"&K$1&"'!C2:C1000")=$C37) ), 5, FALSE ) )} -> Sem Técnico | ... O37: {=IF( VLOOKUP( $A37, _xlfn._xlws.FILTER( INDIRECT("'"&O$1&"'!A2:E1000"), (INDIRECT("'"&O$1&"'!B2:B1000")=$B37) * (INDIRECT("'"&O$1&"'!C2:C1000")=$C37) ), 5, FALSE )=0, "", VLOOKUP( $A37, _xlfn._xlws.FILTER( INDIRECT("'"&O$1&"'!A2:E1000"), (INDIRECT("'"&O$1&"'!B2:B1000")=$B37) * (INDIRECT("'"&O$1&"'!C2:C1000")=$C37) ), 5, FALSE ) )} -> Sem Técnico
A38: Cifra | B38: Perola d'Oeste | C38: 1 | D38: {=IF( VLOOKUP( $A38, _xlfn._xlws.FILTER( INDIRECT("'"&D$1&"'!A2:E1000"), (INDIRECT("'"&D$1&"'!B2:B1000")=$B38) * (INDIRECT("'"&D$1&"'!C2:C1000")=$C38) ), 5, FALSE )=0, "", VLOOKUP( $A38, _xlfn._xlws.FILTER( INDIRECT("'"&D$1&"'!A2:E1000"), (INDIRECT("'"&D$1&"'!B2:B1000")=$B38) * (INDIRECT("'"&D$1&"'!C2:C1000")=$C38) ), 5, FALSE ) )} -> Sem Técnico | E38: {=IF( VLOOKUP( $A38, _xlfn._xlws.FILTER( INDIRECT("'"&E$1&"'!A2:E1000"), (INDIRECT("'"&E$1&"'!B2:B1000")=$B38) * (INDIRECT("'"&E$1&"'!C2:C1000")=$C38) ), 5, FALSE )=0, "", VLOOKUP( $A38, _xlfn._xlws.FILTER( INDIRECT("'"&E$1&"'!A2:E1000"), (INDIRECT("'"&E$1&"'!B2:B1000")=$B38) * (INDIRECT("'"&E$1&"'!C2:C1000")=$C38) ), 5, FALSE ) )} -> Sem Técnico | F38: {=IF( VLOOKUP( $A38, _xlfn._xlws.FILTER( INDIRECT("'"&F$1&"'!A2:E1000"), (INDIRECT("'"&F$1&"'!B2:B1000")=$B38) * (INDIRECT("'"&F$1&"'!C2:C1000")=$C38) ), 5, FALSE )=0, "", VLOOKUP( $A38, _xlfn._xlws.FILTER( INDIRECT("'"&F$1&"'!A2:E1000"), (INDIRECT("'"&F$1&"'!B2:B1000")=$B38) * (INDIRECT("'"&F$1&"'!C2:C1000")=$C38) ), 5, FALSE ) )} -> Sem Técnico | G38: {=IF( VLOOKUP( $A38, _xlfn._xlws.FILTER( INDIRECT("'"&G$1&"'!A2:E1000"), (INDIRECT("'"&G$1&"'!B2:B1000")=$B38) * (INDIRECT("'"&G$1&"'!C2:C1000")=$C38) ), 5, FALSE )=0, "", VLOOKUP( $A38, _xlfn._xlws.FILTER( INDIRECT("'"&G$1&"'!A2:E1000"), (INDIRECT("'"&G$1&"'!B2:B1000")=$B38) * (INDIRECT("'"&G$1&"'!C2:C1000")=$C38) ), 5, FALSE ) )} -> Sem Técnico | H38: {=IF( VLOOKUP( $A38, _xlfn._xlws.FILTER( INDIRECT("'"&H$1&"'!A2:E1000"), (INDIRECT("'"&H$1&"'!B2:B1000")=$B38) * (INDIRECT("'"&H$1&"'!C2:C1000")=$C38) ), 5, FALSE )=0, "", VLOOKUP( $A38, _xlfn._xlws.FILTER( INDIRECT("'"&H$1&"'!A2:E1000"), (INDIRECT("'"&H$1&"'!B2:B1000")=$B38) * (INDIRECT("'"&H$1&"'!C2:C1000")=$C38) ), 5, FALSE ) )} -> Sem Técnico | I38: {=IF( VLOOKUP( $A38, _xlfn._xlws.FILTER( INDIRECT("'"&I$1&"'!A2:E1000"), (INDIRECT("'"&I$1&"'!B2:B1000")=$B38) * (INDIRECT("'"&I$1&"'!C2:C1000")=$C38) ), 5, FALSE )=0, "", VLOOKUP( $A38, _xlfn._xlws.FILTER( INDIRECT("'"&I$1&"'!A2:E1000"), (INDIRECT("'"&I$1&"'!B2:B1000")=$B38) * (INDIRECT("'"&I$1&"'!C2:C1000")=$C38) ), 5, FALSE ) )} -> Sem Técnico | J38: {=IF( VLOOKUP( $A38, _xlfn._xlws.FILTER( INDIRECT("'"&J$1&"'!A2:E1000"), (INDIRECT("'"&J$1&"'!B2:B1000")=$B38) * (INDIRECT("'"&J$1&"'!C2:C1000")=$C38) ), 5, FALSE )=0, "", VLOOKUP( $A38, _xlfn._xlws.FILTER( INDIRECT("'"&J$1&"'!A2:E1000"), (INDIRECT("'"&J$1&"'!B2:B1000")=$B38) * (INDIRECT("'"&J$1&"'!C2:C1000")=$C38) ), 5, FALSE ) )} -> Sem Técnico | K38: {=IF( VLOOKUP( $A38, _xlfn._xlws.FILTER( INDIRECT("'"&K$1&"'!A2:E1000"), (INDIRECT("'"&K$1&"'!B2:B1000")=$B38) * (INDIRECT("'"&K$1&"'!C2:C1000")=$C38) ), 5, FALSE )=0, "", VLOOKUP( $A38, _xlfn._xlws.FILTER( INDIRECT("'"&K$1&"'!A2:E1000"), (INDIRECT("'"&K$1&"'!B2:B1000")=$B38) * (INDIRECT("'"&K$1&"'!C2:C1000")=$C38) ), 5, FALSE ) )} -> Sem Técnico | ... O38: {=IF( VLOOKUP( $A38, _xlfn._xlws.FILTER( INDIRECT("'"&O$1&"'!A2:E1000"), (INDIRECT("'"&O$1&"'!B2:B1000")=$B38) * (INDIRECT("'"&O$1&"'!C2:C1000")=$C38) ), 5, FALSE )=0, "", VLOOKUP( $A38, _xlfn._xlws.FILTER( INDIRECT("'"&O$1&"'!A2:E1000"), (INDIRECT("'"&O$1&"'!B2:B1000")=$B38) * (INDIRECT("'"&O$1&"'!C2:C1000")=$C38) ), 5, FALSE ) )} -> Sem Técnico
A39: Cifra | B39: Planalto | C39: 1 | D39: {=IF( VLOOKUP( $A39, _xlfn._xlws.FILTER( INDIRECT("'"&D$1&"'!A2:E1000"), (INDIRECT("'"&D$1&"'!B2:B1000")=$B39) * (INDIRECT("'"&D$1&"'!C2:C1000")=$C39) ), 5, FALSE )=0, "", VLOOKUP( $A39, _xlfn._xlws.FILTER( INDIRECT("'"&D$1&"'!A2:E1000"), (INDIRECT("'"&D$1&"'!B2:B1000")=$B39) * (INDIRECT("'"&D$1&"'!C2:C1000")=$C39) ), 5, FALSE ) )} -> Sem Técnico | E39: {=IF( VLOOKUP( $A39, _xlfn._xlws.FILTER( INDIRECT("'"&E$1&"'!A2:E1000"), (INDIRECT("'"&E$1&"'!B2:B1000")=$B39) * (INDIRECT("'"&E$1&"'!C2:C1000")=$C39) ), 5, FALSE )=0, "", VLOOKUP( $A39, _xlfn._xlws.FILTER( INDIRECT("'"&E$1&"'!A2:E1000"), (INDIRECT("'"&E$1&"'!B2:B1000")=$B39) * (INDIRECT("'"&E$1&"'!C2:C1000")=$C39) ), 5, FALSE ) )} -> Sem Técnico | F39: {=IF( VLOOKUP( $A39, _xlfn._xlws.FILTER( INDIRECT("'"&F$1&"'!A2:E1000"), (INDIRECT("'"&F$1&"'!B2:B1000")=$B39) * (INDIRECT("'"&F$1&"'!C2:C1000")=$C39) ), 5, FALSE )=0, "", VLOOKUP( $A39, _xlfn._xlws.FILTER( INDIRECT("'"&F$1&"'!A2:E1000"), (INDIRECT("'"&F$1&"'!B2:B1000")=$B39) * (INDIRECT("'"&F$1&"'!C2:C1000")=$C39) ), 5, FALSE ) )} -> Sem Técnico | G39: {=IF( VLOOKUP( $A39, _xlfn._xlws.FILTER( INDIRECT("'"&G$1&"'!A2:E1000"), (INDIRECT("'"&G$1&"'!B2:B1000")=$B39) * (INDIRECT("'"&G$1&"'!C2:C1000")=$C39) ), 5, FALSE )=0, "", VLOOKUP( $A39, _xlfn._xlws.FILTER( INDIRECT("'"&G$1&"'!A2:E1000"), (INDIRECT("'"&G$1&"'!B2:B1000")=$B39) * (INDIRECT("'"&G$1&"'!C2:C1000")=$C39) ), 5, FALSE ) )} -> Sem Técnico | H39: {=IF( VLOOKUP( $A39, _xlfn._xlws.FILTER( INDIRECT("'"&H$1&"'!A2:E1000"), (INDIRECT("'"&H$1&"'!B2:B1000")=$B39) * (INDIRECT("'"&H$1&"'!C2:C1000")=$C39) ), 5, FALSE )=0, "", VLOOKUP( $A39, _xlfn._xlws.FILTER( INDIRECT("'"&H$1&"'!A2:E1000"), (INDIRECT("'"&H$1&"'!B2:B1000")=$B39) * (INDIRECT("'"&H$1&"'!C2:C1000")=$C39) ), 5, FALSE ) )} -> Sem Técnico | I39: {=IF( VLOOKUP( $A39, _xlfn._xlws.FILTER( INDIRECT("'"&I$1&"'!A2:E1000"), (INDIRECT("'"&I$1&"'!B2:B1000")=$B39) * (INDIRECT("'"&I$1&"'!C2:C1000")=$C39) ), 5, FALSE )=0, "", VLOOKUP( $A39, _xlfn._xlws.FILTER( INDIRECT("'"&I$1&"'!A2:E1000"), (INDIRECT("'"&I$1&"'!B2:B1000")=$B39) * (INDIRECT("'"&I$1&"'!C2:C1000")=$C39) ), 5, FALSE ) )} -> Sem Técnico | J39: {=IF( VLOOKUP( $A39, _xlfn._xlws.FILTER( INDIRECT("'"&J$1&"'!A2:E1000"), (INDIRECT("'"&J$1&"'!B2:B1000")=$B39) * (INDIRECT("'"&J$1&"'!C2:C1000")=$C39) ), 5, FALSE )=0, "", VLOOKUP( $A39, _xlfn._xlws.FILTER( INDIRECT("'"&J$1&"'!A2:E1000"), (INDIRECT("'"&J$1&"'!B2:B1000")=$B39) * (INDIRECT("'"&J$1&"'!C2:C1000")=$C39) ), 5, FALSE ) )} -> Sem Técnico | K39: {=IF( VLOOKUP( $A39, _xlfn._xlws.FILTER( INDIRECT("'"&K$1&"'!A2:E1000"), (INDIRECT("'"&K$1&"'!B2:B1000")=$B39) * (INDIRECT("'"&K$1&"'!C2:C1000")=$C39) ), 5, FALSE )=0, "", VLOOKUP( $A39, _xlfn._xlws.FILTER( INDIRECT("'"&K$1&"'!A2:E1000"), (INDIRECT("'"&K$1&"'!B2:B1000")=$B39) * (INDIRECT("'"&K$1&"'!C2:C1000")=$C39) ), 5, FALSE ) )} -> Sem Técnico | ... O39: {=IF( VLOOKUP( $A39, _xlfn._xlws.FILTER( INDIRECT("'"&O$1&"'!A2:E1000"), (INDIRECT("'"&O$1&"'!B2:B1000")=$B39) * (INDIRECT("'"&O$1&"'!C2:C1000")=$C39) ), 5, FALSE )=0, "", VLOOKUP( $A39, _xlfn._xlws.FILTER( INDIRECT("'"&O$1&"'!A2:E1000"), (INDIRECT("'"&O$1&"'!B2:B1000")=$B39) * (INDIRECT("'"&O$1&"'!C2:C1000")=$C39) ), 5, FALSE ) )} -> Sem Técnico
A40: Cifra | B40: Santo Antonio do Sudoeste | C40: 1 | D40: {=IF( VLOOKUP( $A40, _xlfn._xlws.FILTER( INDIRECT("'"&D$1&"'!A2:E1000"), (INDIRECT("'"&D$1&"'!B2:B1000")=$B40) * (INDIRECT("'"&D$1&"'!C2:C1000")=$C40) ), 5, FALSE )=0, "", VLOOKUP( $A40, _xlfn._xlws.FILTER( INDIRECT("'"&D$1&"'!A2:E1000"), (INDIRECT("'"&D$1&"'!B2:B1000")=$B40) * (INDIRECT("'"&D$1&"'!C2:C1000")=$C40) ), 5, FALSE ) )} -> Sem Técnico | E40: {=IF( VLOOKUP( $A40, _xlfn._xlws.FILTER( INDIRECT("'"&E$1&"'!A2:E1000"), (INDIRECT("'"&E$1&"'!B2:B1000")=$B40) * (INDIRECT("'"&E$1&"'!C2:C1000")=$C40) ), 5, FALSE )=0, "", VLOOKUP( $A40, _xlfn._xlws.FILTER( INDIRECT("'"&E$1&"'!A2:E1000"), (INDIRECT("'"&E$1&"'!B2:B1000")=$B40) * (INDIRECT("'"&E$1&"'!C2:C1000")=$C40) ), 5, FALSE ) )} -> Sem Técnico | F40: {=IF( VLOOKUP( $A40, _xlfn._xlws.FILTER( INDIRECT("'"&F$1&"'!A2:E1000"), (INDIRECT("'"&F$1&"'!B2:B1000")=$B40) * (INDIRECT("'"&F$1&"'!C2:C1000")=$C40) ), 5, FALSE )=0, "", VLOOKUP( $A40, _xlfn._xlws.FILTER( INDIRECT("'"&F$1&"'!A2:E1000"), (INDIRECT("'"&F$1&"'!B2:B1000")=$B40) * (INDIRECT("'"&F$1&"'!C2:C1000")=$C40) ), 5, FALSE ) )} -> Sem Técnico | G40: {=IF( VLOOKUP( $A40, _xlfn._xlws.FILTER( INDIRECT("'"&G$1&"'!A2:E1000"), (INDIRECT("'"&G$1&"'!B2:B1000")=$B40) * (INDIRECT("'"&G$1&"'!C2:C1000")=$C40) ), 5, FALSE )=0, "", VLOOKUP( $A40, _xlfn._xlws.FILTER( INDIRECT("'"&G$1&"'!A2:E1000"), (INDIRECT("'"&G$1&"'!B2:B1000")=$B40) * (INDIRECT("'"&G$1&"'!C2:C1000")=$C40) ), 5, FALSE ) )} -> Sem Técnico | H40: {=IF( VLOOKUP( $A40, _xlfn._xlws.FILTER( INDIRECT("'"&H$1&"'!A2:E1000"), (INDIRECT("'"&H$1&"'!B2:B1000")=$B40) * (INDIRECT("'"&H$1&"'!C2:C1000")=$C40) ), 5, FALSE )=0, "", VLOOKUP( $A40, _xlfn._xlws.FILTER( INDIRECT("'"&H$1&"'!A2:E1000"), (INDIRECT("'"&H$1&"'!B2:B1000")=$B40) * (INDIRECT("'"&H$1&"'!C2:C1000")=$C40) ), 5, FALSE ) )} -> Sem Técnico | I40: {=IF( VLOOKUP( $A40, _xlfn._xlws.FILTER( INDIRECT("'"&I$1&"'!A2:E1000"), (INDIRECT("'"&I$1&"'!B2:B1000")=$B40) * (INDIRECT("'"&I$1&"'!C2:C1000")=$C40) ), 5, FALSE )=0, "", VLOOKUP( $A40, _xlfn._xlws.FILTER( INDIRECT("'"&I$1&"'!A2:E1000"), (INDIRECT("'"&I$1&"'!B2:B1000")=$B40) * (INDIRECT("'"&I$1&"'!C2:C1000")=$C40) ), 5, FALSE ) )} -> Sem Técnico | J40: {=IF( VLOOKUP( $A40, _xlfn._xlws.FILTER( INDIRECT("'"&J$1&"'!A2:E1000"), (INDIRECT("'"&J$1&"'!B2:B1000")=$B40) * (INDIRECT("'"&J$1&"'!C2:C1000")=$C40) ), 5, FALSE )=0, "", VLOOKUP( $A40, _xlfn._xlws.FILTER( INDIRECT("'"&J$1&"'!A2:E1000"), (INDIRECT("'"&J$1&"'!B2:B1000")=$B40) * (INDIRECT("'"&J$1&"'!C2:C1000")=$C40) ), 5, FALSE ) )} -> Sem Técnico | K40: {=IF( VLOOKUP( $A40, _xlfn._xlws.FILTER( INDIRECT("'"&K$1&"'!A2:E1000"), (INDIRECT("'"&K$1&"'!B2:B1000")=$B40) * (INDIRECT("'"&K$1&"'!C2:C1000")=$C40) ), 5, FALSE )=0, "", VLOOKUP( $A40, _xlfn._xlws.FILTER( INDIRECT("'"&K$1&"'!A2:E1000"), (INDIRECT("'"&K$1&"'!B2:B1000")=$B40) * (INDIRECT("'"&K$1&"'!C2:C1000")=$C40) ), 5, FALSE ) )} -> Sem Técnico | ... O40: {=IF( VLOOKUP( $A40, _xlfn._xlws.FILTER( INDIRECT("'"&O$1&"'!A2:E1000"), (INDIRECT("'"&O$1&"'!B2:B1000")=$B40) * (INDIRECT("'"&O$1&"'!C2:C1000")=$C40) ), 5, FALSE )=0, "", VLOOKUP( $A40, _xlfn._xlws.FILTER( INDIRECT("'"&O$1&"'!A2:E1000"), (INDIRECT("'"&O$1&"'!B2:B1000")=$B40) * (INDIRECT("'"&O$1&"'!C2:C1000")=$C40) ), 5, FALSE ) )} -> Sem Técnico
A42: Regional | B42: Municípios | C42: UVR | D42: 01.25 | E42: 02.25 | F42: 03.25 | G42: 04.25 | H42: 05.25 | I42: 06.25 | J42: 07.25 | K42: 08.25 | L42: 09.25 | M42: 10.25 | N42: 11.25 | O42: 12.25
A43: Conisul | B43: Amambai | C43: 1 | D43: {=IF( VLOOKUP( $A43, _xlfn._xlws.FILTER( INDIRECT("'"&D$1&"'!A2:E1000"), (INDIRECT("'"&D$1&"'!B2:B1000")=$B43) * (INDIRECT("'"&D$1&"'!C2:C1000")=$C43) ), 5, FALSE )=0, "", VLOOKUP( $A43, _xlfn._xlws.FILTER( INDIRECT("'"&D$1&"'!A2:E1000"), (INDIRECT("'"&D$1&"'!B2:B1000")=$B43) * (INDIRECT("'"&D$1&"'!C2:C1000")=$C43) ), 5, FALSE ) )} -> Sem Técnico | E43: {=IF( VLOOKUP( $A43, _xlfn._xlws.FILTER( INDIRECT("'"&E$1&"'!A2:E1000"), (INDIRECT("'"&E$1&"'!B2:B1000")=$B43) * (INDIRECT("'"&E$1&"'!C2:C1000")=$C43) ), 5, FALSE )=0, "", VLOOKUP( $A43, _xlfn._xlws.FILTER( INDIRECT("'"&E$1&"'!A2:E1000"), (INDIRECT("'"&E$1&"'!B2:B1000")=$B43) * (INDIRECT("'"&E$1&"'!C2:C1000")=$C43) ), 5, FALSE ) )} -> Sem Técnico | F43: {=IF( VLOOKUP( $A43, _xlfn._xlws.FILTER( INDIRECT("'"&F$1&"'!A2:E1000"), (INDIRECT("'"&F$1&"'!B2:B1000")=$B43) * (INDIRECT("'"&F$1&"'!C2:C1000")=$C43) ), 5, FALSE )=0, "", VLOOKUP( $A43, _xlfn._xlws.FILTER( INDIRECT("'"&F$1&"'!A2:E1000"), (INDIRECT("'"&F$1&"'!B2:B1000")=$B43) * (INDIRECT("'"&F$1&"'!C2:C1000")=$C43) ), 5, FALSE ) )} -> Sem Técnico | G43: {=IF( VLOOKUP( $A43, _xlfn._xlws.FILTER( INDIRECT("'"&G$1&"'!A2:E1000"), (INDIRECT("'"&G$1&"'!B2:B1000")=$B43) * (INDIRECT("'"&G$1&"'!C2:C1000")=$C43) ), 5, FALSE )=0, "", VLOOKUP( $A43, _xlfn._xlws.FILTER( INDIRECT("'"&G$1&"'!A2:E1000"), (INDIRECT("'"&G$1&"'!B2:B1000")=$B43) * (INDIRECT("'"&G$1&"'!C2:C1000")=$C43) ), 5, FALSE ) )} -> Sem Técnico | H43: {=IF( VLOOKUP( $A43, _xlfn._xlws.FILTER( INDIRECT("'"&H$1&"'!A2:E1000"), (INDIRECT("'"&H$1&"'!B2:B1000")=$B43) * (INDIRECT("'"&H$1&"'!C2:C1000")=$C43) ), 5, FALSE )=0, "", VLOOKUP( $A43, _xlfn._xlws.FILTER( INDIRECT("'"&H$1&"'!A2:E1000"), (INDIRECT("'"&H$1&"'!B2:B1000")=$B43) * (INDIRECT("'"&H$1&"'!C2:C1000")=$C43) ), 5, FALSE ) )} -> Sem Técnico | I43: {=IF( VLOOKUP( $A43, _xlfn._xlws.FILTER( INDIRECT("'"&I$1&"'!A2:E1000"), (INDIRECT("'"&I$1&"'!B2:B1000")=$B43) * (INDIRECT("'"&I$1&"'!C2:C1000")=$C43) ), 5, FALSE )=0, "", VLOOKUP( $A43, _xlfn._xlws.FILTER( INDIRECT("'"&I$1&"'!A2:E1000"), (INDIRECT("'"&I$1&"'!B2:B1000")=$B43) * (INDIRECT("'"&I$1&"'!C2:C1000")=$C43) ), 5, FALSE ) )} -> Sem Técnico | J43: {=IF( VLOOKUP( $A43, _xlfn._xlws.FILTER( INDIRECT("'"&J$1&"'!A2:E1000"), (INDIRECT("'"&J$1&"'!B2:B1000")=$B43) * (INDIRECT("'"&J$1&"'!C2:C1000")=$C43) ), 5, FALSE )=0, "", VLOOKUP( $A43, _xlfn._xlws.FILTER( INDIRECT("'"&J$1&"'!A2:E1000"), (INDIRECT("'"&J$1&"'!B2:B1000")=$B43) * (INDIRECT("'"&J$1&"'!C2:C1000")=$C43) ), 5, FALSE ) )} -> Sem Técnico | K43: {=IF( VLOOKUP( $A43, _xlfn._xlws.FILTER( INDIRECT("'"&K$1&"'!A2:E1000"), (INDIRECT("'"&K$1&"'!B2:B1000")=$B43) * (INDIRECT("'"&K$1&"'!C2:C1000")=$C43) ), 5, FALSE )=0, "", VLOOKUP( $A43, _xlfn._xlws.FILTER( INDIRECT("'"&K$1&"'!A2:E1000"), (INDIRECT("'"&K$1&"'!B2:B1000")=$B43) * (INDIRECT("'"&K$1&"'!C2:C1000")=$C43) ), 5, FALSE ) )} -> Enviado | ... O43: {=IF( VLOOKUP( $A43, _xlfn._xlws.FILTER( INDIRECT("'"&O$1&"'!A2:E1000"), (INDIRECT("'"&O$1&"'!B2:B1000")=$B43) * (INDIRECT("'"&O$1&"'!C2:C1000")=$C43) ), 5, FALSE )=0, "", VLOOKUP( $A43, _xlfn._xlws.FILTER( INDIRECT("'"&O$1&"'!A2:E1000"), (INDIRECT("'"&O$1&"'!B2:B1000")=$B43) * (INDIRECT("'"&O$1&"'!C2:C1000")=$C43) ), 5, FALSE ) )}
A44: Conisul | B44: Aral Moreira | C44: 1 | D44: {=IF( VLOOKUP( $A44, _xlfn._xlws.FILTER( INDIRECT("'"&D$1&"'!A2:E1000"), (INDIRECT("'"&D$1&"'!B2:B1000")=$B44) * (INDIRECT("'"&D$1&"'!C2:C1000")=$C44) ), 5, FALSE )=0, "", VLOOKUP( $A44, _xlfn._xlws.FILTER( INDIRECT("'"&D$1&"'!A2:E1000"), (INDIRECT("'"&D$1&"'!B2:B1000")=$B44) * (INDIRECT("'"&D$1&"'!C2:C1000")=$C44) ), 5, FALSE ) )} -> Sem Técnico | E44: {=IF( VLOOKUP( $A44, _xlfn._xlws.FILTER( INDIRECT("'"&E$1&"'!A2:E1000"), (INDIRECT("'"&E$1&"'!B2:B1000")=$B44) * (INDIRECT("'"&E$1&"'!C2:C1000")=$C44) ), 5, FALSE )=0, "", VLOOKUP( $A44, _xlfn._xlws.FILTER( INDIRECT("'"&E$1&"'!A2:E1000"), (INDIRECT("'"&E$1&"'!B2:B1000")=$B44) * (INDIRECT("'"&E$1&"'!C2:C1000")=$C44) ), 5, FALSE ) )} -> Sem Técnico | F44: {=IF( VLOOKUP( $A44, _xlfn._xlws.FILTER( INDIRECT("'"&F$1&"'!A2:E1000"), (INDIRECT("'"&F$1&"'!B2:B1000")=$B44) * (INDIRECT("'"&F$1&"'!C2:C1000")=$C44) ), 5, FALSE )=0, "", VLOOKUP( $A44, _xlfn._xlws.FILTER( INDIRECT("'"&F$1&"'!A2:E1000"), (INDIRECT("'"&F$1&"'!B2:B1000")=$B44) * (INDIRECT("'"&F$1&"'!C2:C1000")=$C44) ), 5, FALSE ) )} -> Sem Técnico | G44: {=IF( VLOOKUP( $A44, _xlfn._xlws.FILTER( INDIRECT("'"&G$1&"'!A2:E1000"), (INDIRECT("'"&G$1&"'!B2:B1000")=$B44) * (INDIRECT("'"&G$1&"'!C2:C1000")=$C44) ), 5, FALSE )=0, "", VLOOKUP( $A44, _xlfn._xlws.FILTER( INDIRECT("'"&G$1&"'!A2:E1000"), (INDIRECT("'"&G$1&"'!B2:B1000")=$B44) * (INDIRECT("'"&G$1&"'!C2:C1000")=$C44) ), 5, FALSE ) )} -> Sem Técnico | H44: {=IF( VLOOKUP( $A44, _xlfn._xlws.FILTER( INDIRECT("'"&H$1&"'!A2:E1000"), (INDIRECT("'"&H$1&"'!B2:B1000")=$B44) * (INDIRECT("'"&H$1&"'!C2:C1000")=$C44) ), 5, FALSE )=0, "", VLOOKUP( $A44, _xlfn._xlws.FILTER( INDIRECT("'"&H$1&"'!A2:E1000"), (INDIRECT("'"&H$1&"'!B2:B1000")=$B44) * (INDIRECT("'"&H$1&"'!C2:C1000")=$C44) ), 5, FALSE ) )} -> Sem Técnico | I44: {=IF( VLOOKUP( $A44, _xlfn._xlws.FILTER( INDIRECT("'"&I$1&"'!A2:E1000"), (INDIRECT("'"&I$1&"'!B2:B1000")=$B44) * (INDIRECT("'"&I$1&"'!C2:C1000")=$C44) ), 5, FALSE )=0, "", VLOOKUP( $A44, _xlfn._xlws.FILTER( INDIRECT("'"&I$1&"'!A2:E1000"), (INDIRECT("'"&I$1&"'!B2:B1000")=$B44) * (INDIRECT("'"&I$1&"'!C2:C1000")=$C44) ), 5, FALSE ) )} -> Sem Técnico | J44: {=IF( VLOOKUP( $A44, _xlfn._xlws.FILTER( INDIRECT("'"&J$1&"'!A2:E1000"), (INDIRECT("'"&J$1&"'!B2:B1000")=$B44) * (INDIRECT("'"&J$1&"'!C2:C1000")=$C44) ), 5, FALSE )=0, "", VLOOKUP( $A44, _xlfn._xlws.FILTER( INDIRECT("'"&J$1&"'!A2:E1000"), (INDIRECT("'"&J$1&"'!B2:B1000")=$B44) * (INDIRECT("'"&J$1&"'!C2:C1000")=$C44) ), 5, FALSE ) )} -> Sem Técnico | K44: {=IF( VLOOKUP( $A44, _xlfn._xlws.FILTER( INDIRECT("'"&K$1&"'!A2:E1000"), (INDIRECT("'"&K$1&"'!B2:B1000")=$B44) * (INDIRECT("'"&K$1&"'!C2:C1000")=$C44) ), 5, FALSE )=0, "", VLOOKUP( $A44, _xlfn._xlws.FILTER( INDIRECT("'"&K$1&"'!A2:E1000"), (INDIRECT("'"&K$1&"'!B2:B1000")=$B44) * (INDIRECT("'"&K$1&"'!C2:C1000")=$C44) ), 5, FALSE ) )} -> Atrasado >= 2 | ... O44: {=IF( VLOOKUP( $A44, _xlfn._xlws.FILTER( INDIRECT("'"&O$1&"'!A2:E1000"), (INDIRECT("'"&O$1&"'!B2:B1000")=$B44) * (INDIRECT("'"&O$1&"'!C2:C1000")=$C44) ), 5, FALSE )=0, "", VLOOKUP( $A44, _xlfn._xlws.FILTER( INDIRECT("'"&O$1&"'!A2:E1000"), (INDIRECT("'"&O$1&"'!B2:B1000")=$B44) * (INDIRECT("'"&O$1&"'!C2:C1000")=$C44) ), 5, FALSE ) )}
A45: Conisul | B45: Caarapó | C45: 1 | D45: {=IF( VLOOKUP( $A45, _xlfn._xlws.FILTER( INDIRECT("'"&D$1&"'!A2:E1000"), (INDIRECT("'"&D$1&"'!B2:B1000")=$B45) * (INDIRECT("'"&D$1&"'!C2:C1000")=$C45) ), 5, FALSE )=0, "", VLOOKUP( $A45, _xlfn._xlws.FILTER( INDIRECT("'"&D$1&"'!A2:E1000"), (INDIRECT("'"&D$1&"'!B2:B1000")=$B45) * (INDIRECT("'"&D$1&"'!C2:C1000")=$C45) ), 5, FALSE ) )} -> Sem Técnico | E45: {=IF( VLOOKUP( $A45, _xlfn._xlws.FILTER( INDIRECT("'"&E$1&"'!A2:E1000"), (INDIRECT("'"&E$1&"'!B2:B1000")=$B45) * (INDIRECT("'"&E$1&"'!C2:C1000")=$C45) ), 5, FALSE )=0, "", VLOOKUP( $A45, _xlfn._xlws.FILTER( INDIRECT("'"&E$1&"'!A2:E1000"), (INDIRECT("'"&E$1&"'!B2:B1000")=$B45) * (INDIRECT("'"&E$1&"'!C2:C1000")=$C45) ), 5, FALSE ) )} -> Sem Técnico | F45: {=IF( VLOOKUP( $A45, _xlfn._xlws.FILTER( INDIRECT("'"&F$1&"'!A2:E1000"), (INDIRECT("'"&F$1&"'!B2:B1000")=$B45) * (INDIRECT("'"&F$1&"'!C2:C1000")=$C45) ), 5, FALSE )=0, "", VLOOKUP( $A45, _xlfn._xlws.FILTER( INDIRECT("'"&F$1&"'!A2:E1000"), (INDIRECT("'"&F$1&"'!B2:B1000")=$B45) * (INDIRECT("'"&F$1&"'!C2:C1000")=$C45) ), 5, FALSE ) )} -> Sem Técnico | G45: {=IF( VLOOKUP( $A45, _xlfn._xlws.FILTER( INDIRECT("'"&G$1&"'!A2:E1000"), (INDIRECT("'"&G$1&"'!B2:B1000")=$B45) * (INDIRECT("'"&G$1&"'!C2:C1000")=$C45) ), 5, FALSE )=0, "", VLOOKUP( $A45, _xlfn._xlws.FILTER( INDIRECT("'"&G$1&"'!A2:E1000"), (INDIRECT("'"&G$1&"'!B2:B1000")=$B45) * (INDIRECT("'"&G$1&"'!C2:C1000")=$C45) ), 5, FALSE ) )} -> Sem Técnico | H45: {=IF( VLOOKUP( $A45, _xlfn._xlws.FILTER( INDIRECT("'"&H$1&"'!A2:E1000"), (INDIRECT("'"&H$1&"'!B2:B1000")=$B45) * (INDIRECT("'"&H$1&"'!C2:C1000")=$C45) ), 5, FALSE )=0, "", VLOOKUP( $A45, _xlfn._xlws.FILTER( INDIRECT("'"&H$1&"'!A2:E1000"), (INDIRECT("'"&H$1&"'!B2:B1000")=$B45) * (INDIRECT("'"&H$1&"'!C2:C1000")=$C45) ), 5, FALSE ) )} -> Sem Técnico | I45: {=IF( VLOOKUP( $A45, _xlfn._xlws.FILTER( INDIRECT("'"&I$1&"'!A2:E1000"), (INDIRECT("'"&I$1&"'!B2:B1000")=$B45) * (INDIRECT("'"&I$1&"'!C2:C1000")=$C45) ), 5, FALSE )=0, "", VLOOKUP( $A45, _xlfn._xlws.FILTER( INDIRECT("'"&I$1&"'!A2:E1000"), (INDIRECT("'"&I$1&"'!B2:B1000")=$B45) * (INDIRECT("'"&I$1&"'!C2:C1000")=$C45) ), 5, FALSE ) )} -> Sem Técnico | J45: {=IF( VLOOKUP( $A45, _xlfn._xlws.FILTER( INDIRECT("'"&J$1&"'!A2:E1000"), (INDIRECT("'"&J$1&"'!B2:B1000")=$B45) * (INDIRECT("'"&J$1&"'!C2:C1000")=$C45) ), 5, FALSE )=0, "", VLOOKUP( $A45, _xlfn._xlws.FILTER( INDIRECT("'"&J$1&"'!A2:E1000"), (INDIRECT("'"&J$1&"'!B2:B1000")=$B45) * (INDIRECT("'"&J$1&"'!C2:C1000")=$C45) ), 5, FALSE ) )} -> Sem Técnico | K45: {=IF( VLOOKUP( $A45, _xlfn._xlws.FILTER( INDIRECT("'"&K$1&"'!A2:E1000"), (INDIRECT("'"&K$1&"'!B2:B1000")=$B45) * (INDIRECT("'"&K$1&"'!C2:C1000")=$C45) ), 5, FALSE )=0, "", VLOOKUP( $A45, _xlfn._xlws.FILTER( INDIRECT("'"&K$1&"'!A2:E1000"), (INDIRECT("'"&K$1&"'!B2:B1000")=$B45) * (INDIRECT("'"&K$1&"'!C2:C1000")=$C45) ), 5, FALSE ) )} -> Enviado | ... O45: {=IF( VLOOKUP( $A45, _xlfn._xlws.FILTER( INDIRECT("'"&O$1&"'!A2:E1000"), (INDIRECT("'"&O$1&"'!B2:B1000")=$B45) * (INDIRECT("'"&O$1&"'!C2:C1000")=$C45) ), 5, FALSE )=0, "", VLOOKUP( $A45, _xlfn._xlws.FILTER( INDIRECT("'"&O$1&"'!A2:E1000"), (INDIRECT("'"&O$1&"'!B2:B1000")=$B45) * (INDIRECT("'"&O$1&"'!C2:C1000")=$C45) ), 5, FALSE ) )}
A46: Conisul | B46: Coronel Sapucaia | C46: 1 | D46: {=IF( VLOOKUP( $A46, _xlfn._xlws.FILTER( INDIRECT("'"&D$1&"'!A2:E1000"), (INDIRECT("'"&D$1&"'!B2:B1000")=$B46) * (INDIRECT("'"&D$1&"'!C2:C1000")=$C46) ), 5, FALSE )=0, "", VLOOKUP( $A46, _xlfn._xlws.FILTER( INDIRECT("'"&D$1&"'!A2:E1000"), (INDIRECT("'"&D$1&"'!B2:B1000")=$B46) * (INDIRECT("'"&D$1&"'!C2:C1000")=$C46) ), 5, FALSE ) )} -> Sem Técnico | E46: {=IF( VLOOKUP( $A46, _xlfn._xlws.FILTER( INDIRECT("'"&E$1&"'!A2:E1000"), (INDIRECT("'"&E$1&"'!B2:B1000")=$B46) * (INDIRECT("'"&E$1&"'!C2:C1000")=$C46) ), 5, FALSE )=0, "", VLOOKUP( $A46, _xlfn._xlws.FILTER( INDIRECT("'"&E$1&"'!A2:E1000"), (INDIRECT("'"&E$1&"'!B2:B1000")=$B46) * (INDIRECT("'"&E$1&"'!C2:C1000")=$C46) ), 5, FALSE ) )} -> Sem Técnico | F46: {=IF( VLOOKUP( $A46, _xlfn._xlws.FILTER( INDIRECT("'"&F$1&"'!A2:E1000"), (INDIRECT("'"&F$1&"'!B2:B1000")=$B46) * (INDIRECT("'"&F$1&"'!C2:C1000")=$C46) ), 5, FALSE )=0, "", VLOOKUP( $A46, _xlfn._xlws.FILTER( INDIRECT("'"&F$1&"'!A2:E1000"), (INDIRECT("'"&F$1&"'!B2:B1000")=$B46) * (INDIRECT("'"&F$1&"'!C2:C1000")=$C46) ), 5, FALSE ) )} -> Sem Técnico | G46: {=IF( VLOOKUP( $A46, _xlfn._xlws.FILTER( INDIRECT("'"&G$1&"'!A2:E1000"), (INDIRECT("'"&G$1&"'!B2:B1000")=$B46) * (INDIRECT("'"&G$1&"'!C2:C1000")=$C46) ), 5, FALSE )=0, "", VLOOKUP( $A46, _xlfn._xlws.FILTER( INDIRECT("'"&G$1&"'!A2:E1000"), (INDIRECT("'"&G$1&"'!B2:B1000")=$B46) * (INDIRECT("'"&G$1&"'!C2:C1000")=$C46) ), 5, FALSE ) )} -> Sem Técnico | H46: {=IF( VLOOKUP( $A46, _xlfn._xlws.FILTER( INDIRECT("'"&H$1&"'!A2:E1000"), (INDIRECT("'"&H$1&"'!B2:B1000")=$B46) * (INDIRECT("'"&H$1&"'!C2:C1000")=$C46) ), 5, FALSE )=0, "", VLOOKUP( $A46, _xlfn._xlws.FILTER( INDIRECT("'"&H$1&"'!A2:E1000"), (INDIRECT("'"&H$1&"'!B2:B1000")=$B46) * (INDIRECT("'"&H$1&"'!C2:C1000")=$C46) ), 5, FALSE ) )} -> Sem Técnico | I46: {=IF( VLOOKUP( $A46, _xlfn._xlws.FILTER( INDIRECT("'"&I$1&"'!A2:E1000"), (INDIRECT("'"&I$1&"'!B2:B1000")=$B46) * (INDIRECT("'"&I$1&"'!C2:C1000")=$C46) ), 5, FALSE )=0, "", VLOOKUP( $A46, _xlfn._xlws.FILTER( INDIRECT("'"&I$1&"'!A2:E1000"), (INDIRECT("'"&I$1&"'!B2:B1000")=$B46) * (INDIRECT("'"&I$1&"'!C2:C1000")=$C46) ), 5, FALSE ) )} -> Sem Técnico | J46: {=IF( VLOOKUP( $A46, _xlfn._xlws.FILTER( INDIRECT("'"&J$1&"'!A2:E1000"), (INDIRECT("'"&J$1&"'!B2:B1000")=$B46) * (INDIRECT("'"&J$1&"'!C2:C1000")=$C46) ), 5, FALSE )=0, "", VLOOKUP( $A46, _xlfn._xlws.FILTER( INDIRECT("'"&J$1&"'!A2:E1000"), (INDIRECT("'"&J$1&"'!B2:B1000")=$B46) * (INDIRECT("'"&J$1&"'!C2:C1000")=$C46) ), 5, FALSE ) )} -> Sem Técnico | K46: {=IF( VLOOKUP( $A46, _xlfn._xlws.FILTER( INDIRECT("'"&K$1&"'!A2:E1000"), (INDIRECT("'"&K$1&"'!B2:B1000")=$B46) * (INDIRECT("'"&K$1&"'!C2:C1000")=$C46) ), 5, FALSE )=0, "", VLOOKUP( $A46, _xlfn._xlws.FILTER( INDIRECT("'"&K$1&"'!A2:E1000"), (INDIRECT("'"&K$1&"'!B2:B1000")=$B46) * (INDIRECT("'"&K$1&"'!C2:C1000")=$C46) ), 5, FALSE ) )} -> Atrasado >= 2 | ... O46: {=IF( VLOOKUP( $A46, _xlfn._xlws.FILTER( INDIRECT("'"&O$1&"'!A2:E1000"), (INDIRECT("'"&O$1&"'!B2:B1000")=$B46) * (INDIRECT("'"&O$1&"'!C2:C1000")=$C46) ), 5, FALSE )=0, "", VLOOKUP( $A46, _xlfn._xlws.FILTER( INDIRECT("'"&O$1&"'!A2:E1000"), (INDIRECT("'"&O$1&"'!B2:B1000")=$B46) * (INDIRECT("'"&O$1&"'!C2:C1000")=$C46) ), 5, FALSE ) )}
A47: Conisul | B47: Eldorado | C47: 1 | D47: {=IF( VLOOKUP( $A47, _xlfn._xlws.FILTER( INDIRECT("'"&D$1&"'!A2:E1000"), (INDIRECT("'"&D$1&"'!B2:B1000")=$B47) * (INDIRECT("'"&D$1&"'!C2:C1000")=$C47) ), 5, FALSE )=0, "", VLOOKUP( $A47, _xlfn._xlws.FILTER( INDIRECT("'"&D$1&"'!A2:E1000"), (INDIRECT("'"&D$1&"'!B2:B1000")=$B47) * (INDIRECT("'"&D$1&"'!C2:C1000")=$C47) ), 5, FALSE ) )} -> Sem Técnico | E47: {=IF( VLOOKUP( $A47, _xlfn._xlws.FILTER( INDIRECT("'"&E$1&"'!A2:E1000"), (INDIRECT("'"&E$1&"'!B2:B1000")=$B47) * (INDIRECT("'"&E$1&"'!C2:C1000")=$C47) ), 5, FALSE )=0, "", VLOOKUP( $A47, _xlfn._xlws.FILTER( INDIRECT("'"&E$1&"'!A2:E1000"), (INDIRECT("'"&E$1&"'!B2:B1000")=$B47) * (INDIRECT("'"&E$1&"'!C2:C1000")=$C47) ), 5, FALSE ) )} -> Sem Técnico | F47: {=IF( VLOOKUP( $A47, _xlfn._xlws.FILTER( INDIRECT("'"&F$1&"'!A2:E1000"), (INDIRECT("'"&F$1&"'!B2:B1000")=$B47) * (INDIRECT("'"&F$1&"'!C2:C1000")=$C47) ), 5, FALSE )=0, "", VLOOKUP( $A47, _xlfn._xlws.FILTER( INDIRECT("'"&F$1&"'!A2:E1000"), (INDIRECT("'"&F$1&"'!B2:B1000")=$B47) * (INDIRECT("'"&F$1&"'!C2:C1000")=$C47) ), 5, FALSE ) )} -> Sem Técnico | G47: {=IF( VLOOKUP( $A47, _xlfn._xlws.FILTER( INDIRECT("'"&G$1&"'!A2:E1000"), (INDIRECT("'"&G$1&"'!B2:B1000")=$B47) * (INDIRECT("'"&G$1&"'!C2:C1000")=$C47) ), 5, FALSE )=0, "", VLOOKUP( $A47, _xlfn._xlws.FILTER( INDIRECT("'"&G$1&"'!A2:E1000"), (INDIRECT("'"&G$1&"'!B2:B1000")=$B47) * (INDIRECT("'"&G$1&"'!C2:C1000")=$C47) ), 5, FALSE ) )} -> Sem Técnico | H47: {=IF( VLOOKUP( $A47, _xlfn._xlws.FILTER( INDIRECT("'"&H$1&"'!A2:E1000"), (INDIRECT("'"&H$1&"'!B2:B1000")=$B47) * (INDIRECT("'"&H$1&"'!C2:C1000")=$C47) ), 5, FALSE )=0, "", VLOOKUP( $A47, _xlfn._xlws.FILTER( INDIRECT("'"&H$1&"'!A2:E1000"), (INDIRECT("'"&H$1&"'!B2:B1000")=$B47) * (INDIRECT("'"&H$1&"'!C2:C1000")=$C47) ), 5, FALSE ) )} -> Sem Técnico | I47: {=IF( VLOOKUP( $A47, _xlfn._xlws.FILTER( INDIRECT("'"&I$1&"'!A2:E1000"), (INDIRECT("'"&I$1&"'!B2:B1000")=$B47) * (INDIRECT("'"&I$1&"'!C2:C1000")=$C47) ), 5, FALSE )=0, "", VLOOKUP( $A47, _xlfn._xlws.FILTER( INDIRECT("'"&I$1&"'!A2:E1000"), (INDIRECT("'"&I$1&"'!B2:B1000")=$B47) * (INDIRECT("'"&I$1&"'!C2:C1000")=$C47) ), 5, FALSE ) )} -> Sem Técnico | J47: {=IF( VLOOKUP( $A47, _xlfn._xlws.FILTER( INDIRECT("'"&J$1&"'!A2:E1000"), (INDIRECT("'"&J$1&"'!B2:B1000")=$B47) * (INDIRECT("'"&J$1&"'!C2:C1000")=$C47) ), 5, FALSE )=0, "", VLOOKUP( $A47, _xlfn._xlws.FILTER( INDIRECT("'"&J$1&"'!A2:E1000"), (INDIRECT("'"&J$1&"'!B2:B1000")=$B47) * (INDIRECT("'"&J$1&"'!C2:C1000")=$C47) ), 5, FALSE ) )} -> Sem Técnico | K47: {=IF( VLOOKUP( $A47, _xlfn._xlws.FILTER( INDIRECT("'"&K$1&"'!A2:E1000"), (INDIRECT("'"&K$1&"'!B2:B1000")=$B47) * (INDIRECT("'"&K$1&"'!C2:C1000")=$C47) ), 5, FALSE )=0, "", VLOOKUP( $A47, _xlfn._xlws.FILTER( INDIRECT("'"&K$1&"'!A2:E1000"), (INDIRECT("'"&K$1&"'!B2:B1000")=$B47) * (INDIRECT("'"&K$1&"'!C2:C1000")=$C47) ), 5, FALSE ) )} -> Enviado | ... O47: {=IF( VLOOKUP( $A47, _xlfn._xlws.FILTER( INDIRECT("'"&O$1&"'!A2:E1000"), (INDIRECT("'"&O$1&"'!B2:B1000")=$B47) * (INDIRECT("'"&O$1&"'!C2:C1000")=$C47) ), 5, FALSE )=0, "", VLOOKUP( $A47, _xlfn._xlws.FILTER( INDIRECT("'"&O$1&"'!A2:E1000"), (INDIRECT("'"&O$1&"'!B2:B1000")=$B47) * (INDIRECT("'"&O$1&"'!C2:C1000")=$C47) ), 5, FALSE ) )}
A48: Conisul | B48: Iguatemi | C48: 1 | D48: {=IF( VLOOKUP( $A48, _xlfn._xlws.FILTER( INDIRECT("'"&D$1&"'!A2:E1000"), (INDIRECT("'"&D$1&"'!B2:B1000")=$B48) * (INDIRECT("'"&D$1&"'!C2:C1000")=$C48) ), 5, FALSE )=0, "", VLOOKUP( $A48, _xlfn._xlws.FILTER( INDIRECT("'"&D$1&"'!A2:E1000"), (INDIRECT("'"&D$1&"'!B2:B1000")=$B48) * (INDIRECT("'"&D$1&"'!C2:C1000")=$C48) ), 5, FALSE ) )} -> Sem Técnico | E48: {=IF( VLOOKUP( $A48, _xlfn._xlws.FILTER( INDIRECT("'"&E$1&"'!A2:E1000"), (INDIRECT("'"&E$1&"'!B2:B1000")=$B48) * (INDIRECT("'"&E$1&"'!C2:C1000")=$C48) ), 5, FALSE )=0, "", VLOOKUP( $A48, _xlfn._xlws.FILTER( INDIRECT("'"&E$1&"'!A2:E1000"), (INDIRECT("'"&E$1&"'!B2:B1000")=$B48) * (INDIRECT("'"&E$1&"'!C2:C1000")=$C48) ), 5, FALSE ) )} -> Sem Técnico | F48: {=IF( VLOOKUP( $A48, _xlfn._xlws.FILTER( INDIRECT("'"&F$1&"'!A2:E1000"), (INDIRECT("'"&F$1&"'!B2:B1000")=$B48) * (INDIRECT("'"&F$1&"'!C2:C1000")=$C48) ), 5, FALSE )=0, "", VLOOKUP( $A48, _xlfn._xlws.FILTER( INDIRECT("'"&F$1&"'!A2:E1000"), (INDIRECT("'"&F$1&"'!B2:B1000")=$B48) * (INDIRECT("'"&F$1&"'!C2:C1000")=$C48) ), 5, FALSE ) )} -> Sem Técnico | G48: {=IF( VLOOKUP( $A48, _xlfn._xlws.FILTER( INDIRECT("'"&G$1&"'!A2:E1000"), (INDIRECT("'"&G$1&"'!B2:B1000")=$B48) * (INDIRECT("'"&G$1&"'!C2:C1000")=$C48) ), 5, FALSE )=0, "", VLOOKUP( $A48, _xlfn._xlws.FILTER( INDIRECT("'"&G$1&"'!A2:E1000"), (INDIRECT("'"&G$1&"'!B2:B1000")=$B48) * (INDIRECT("'"&G$1&"'!C2:C1000")=$C48) ), 5, FALSE ) )} -> Sem Técnico | H48: {=IF( VLOOKUP( $A48, _xlfn._xlws.FILTER( INDIRECT("'"&H$1&"'!A2:E1000"), (INDIRECT("'"&H$1&"'!B2:B1000")=$B48) * (INDIRECT("'"&H$1&"'!C2:C1000")=$C48) ), 5, FALSE )=0, "", VLOOKUP( $A48, _xlfn._xlws.FILTER( INDIRECT("'"&H$1&"'!A2:E1000"), (INDIRECT("'"&H$1&"'!B2:B1000")=$B48) * (INDIRECT("'"&H$1&"'!C2:C1000")=$C48) ), 5, FALSE ) )} -> Sem Técnico | I48: {=IF( VLOOKUP( $A48, _xlfn._xlws.FILTER( INDIRECT("'"&I$1&"'!A2:E1000"), (INDIRECT("'"&I$1&"'!B2:B1000")=$B48) * (INDIRECT("'"&I$1&"'!C2:C1000")=$C48) ), 5, FALSE )=0, "", VLOOKUP( $A48, _xlfn._xlws.FILTER( INDIRECT("'"&I$1&"'!A2:E1000"), (INDIRECT("'"&I$1&"'!B2:B1000")=$B48) * (INDIRECT("'"&I$1&"'!C2:C1000")=$C48) ), 5, FALSE ) )} -> Sem Técnico | J48: {=IF( VLOOKUP( $A48, _xlfn._xlws.FILTER( INDIRECT("'"&J$1&"'!A2:E1000"), (INDIRECT("'"&J$1&"'!B2:B1000")=$B48) * (INDIRECT("'"&J$1&"'!C2:C1000")=$C48) ), 5, FALSE )=0, "", VLOOKUP( $A48, _xlfn._xlws.FILTER( INDIRECT("'"&J$1&"'!A2:E1000"), (INDIRECT("'"&J$1&"'!B2:B1000")=$B48) * (INDIRECT("'"&J$1&"'!C2:C1000")=$C48) ), 5, FALSE ) )} -> Sem Técnico | K48: {=IF( VLOOKUP( $A48, _xlfn._xlws.FILTER( INDIRECT("'"&K$1&"'!A2:E1000"), (INDIRECT("'"&K$1&"'!B2:B1000")=$B48) * (INDIRECT("'"&K$1&"'!C2:C1000")=$C48) ), 5, FALSE )=0, "", VLOOKUP( $A48, _xlfn._xlws.FILTER( INDIRECT("'"&K$1&"'!A2:E1000"), (INDIRECT("'"&K$1&"'!B2:B1000")=$B48) * (INDIRECT("'"&K$1&"'!C2:C1000")=$C48) ), 5, FALSE ) )} -> Atrasado >= 2 | ... O48: {=IF( VLOOKUP( $A48, _xlfn._xlws.FILTER( INDIRECT("'"&O$1&"'!A2:E1000"), (INDIRECT("'"&O$1&"'!B2:B1000")=$B48) * (INDIRECT("'"&O$1&"'!C2:C1000")=$C48) ), 5, FALSE )=0, "", VLOOKUP( $A48, _xlfn._xlws.FILTER( INDIRECT("'"&O$1&"'!A2:E1000"), (INDIRECT("'"&O$1&"'!B2:B1000")=$B48) * (INDIRECT("'"&O$1&"'!C2:C1000")=$C48) ), 5, FALSE ) )}
A49: Conisul | B49: Itaquiraí | C49: 1 | D49: {=IF( VLOOKUP( $A49, _xlfn._xlws.FILTER( INDIRECT("'"&D$1&"'!A2:E1000"), (INDIRECT("'"&D$1&"'!B2:B1000")=$B49) * (INDIRECT("'"&D$1&"'!C2:C1000")=$C49) ), 5, FALSE )=0, "", VLOOKUP( $A49, _xlfn._xlws.FILTER( INDIRECT("'"&D$1&"'!A2:E1000"), (INDIRECT("'"&D$1&"'!B2:B1000")=$B49) * (INDIRECT("'"&D$1&"'!C2:C1000")=$C49) ), 5, FALSE ) )} -> Sem Técnico | E49: {=IF( VLOOKUP( $A49, _xlfn._xlws.FILTER( INDIRECT("'"&E$1&"'!A2:E1000"), (INDIRECT("'"&E$1&"'!B2:B1000")=$B49) * (INDIRECT("'"&E$1&"'!C2:C1000")=$C49) ), 5, FALSE )=0, "", VLOOKUP( $A49, _xlfn._xlws.FILTER( INDIRECT("'"&E$1&"'!A2:E1000"), (INDIRECT("'"&E$1&"'!B2:B1000")=$B49) * (INDIRECT("'"&E$1&"'!C2:C1000")=$C49) ), 5, FALSE ) )} -> Sem Técnico | F49: {=IF( VLOOKUP( $A49, _xlfn._xlws.FILTER( INDIRECT("'"&F$1&"'!A2:E1000"), (INDIRECT("'"&F$1&"'!B2:B1000")=$B49) * (INDIRECT("'"&F$1&"'!C2:C1000")=$C49) ), 5, FALSE )=0, "", VLOOKUP( $A49, _xlfn._xlws.FILTER( INDIRECT("'"&F$1&"'!A2:E1000"), (INDIRECT("'"&F$1&"'!B2:B1000")=$B49) * (INDIRECT("'"&F$1&"'!C2:C1000")=$C49) ), 5, FALSE ) )} -> Sem Técnico | G49: {=IF( VLOOKUP( $A49, _xlfn._xlws.FILTER( INDIRECT("'"&G$1&"'!A2:E1000"), (INDIRECT("'"&G$1&"'!B2:B1000")=$B49) * (INDIRECT("'"&G$1&"'!C2:C1000")=$C49) ), 5, FALSE )=0, "", VLOOKUP( $A49, _xlfn._xlws.FILTER( INDIRECT("'"&G$1&"'!A2:E1000"), (INDIRECT("'"&G$1&"'!B2:B1000")=$B49) * (INDIRECT("'"&G$1&"'!C2:C1000")=$C49) ), 5, FALSE ) )} -> Sem Técnico | H49: {=IF( VLOOKUP( $A49, _xlfn._xlws.FILTER( INDIRECT("'"&H$1&"'!A2:E1000"), (INDIRECT("'"&H$1&"'!B2:B1000")=$B49) * (INDIRECT("'"&H$1&"'!C2:C1000")=$C49) ), 5, FALSE )=0, "", VLOOKUP( $A49, _xlfn._xlws.FILTER( INDIRECT("'"&H$1&"'!A2:E1000"), (INDIRECT("'"&H$1&"'!B2:B1000")=$B49) * (INDIRECT("'"&H$1&"'!C2:C1000")=$C49) ), 5, FALSE ) )} -> Sem Técnico | I49: {=IF( VLOOKUP( $A49, _xlfn._xlws.FILTER( INDIRECT("'"&I$1&"'!A2:E1000"), (INDIRECT("'"&I$1&"'!B2:B1000")=$B49) * (INDIRECT("'"&I$1&"'!C2:C1000")=$C49) ), 5, FALSE )=0, "", VLOOKUP( $A49, _xlfn._xlws.FILTER( INDIRECT("'"&I$1&"'!A2:E1000"), (INDIRECT("'"&I$1&"'!B2:B1000")=$B49) * (INDIRECT("'"&I$1&"'!C2:C1000")=$C49) ), 5, FALSE ) )} -> Sem Técnico | J49: {=IF( VLOOKUP( $A49, _xlfn._xlws.FILTER( INDIRECT("'"&J$1&"'!A2:E1000"), (INDIRECT("'"&J$1&"'!B2:B1000")=$B49) * (INDIRECT("'"&J$1&"'!C2:C1000")=$C49) ), 5, FALSE )=0, "", VLOOKUP( $A49, _xlfn._xlws.FILTER( INDIRECT("'"&J$1&"'!A2:E1000"), (INDIRECT("'"&J$1&"'!B2:B1000")=$B49) * (INDIRECT("'"&J$1&"'!C2:C1000")=$C49) ), 5, FALSE ) )} -> Enviado | K49: {=IF( VLOOKUP( $A49, _xlfn._xlws.FILTER( INDIRECT("'"&K$1&"'!A2:E1000"), (INDIRECT("'"&K$1&"'!B2:B1000")=$B49) * (INDIRECT("'"&K$1&"'!C2:C1000")=$C49) ), 5, FALSE )=0, "", VLOOKUP( $A49, _xlfn._xlws.FILTER( INDIRECT("'"&K$1&"'!A2:E1000"), (INDIRECT("'"&K$1&"'!B2:B1000")=$B49) * (INDIRECT("'"&K$1&"'!C2:C1000")=$C49) ), 5, FALSE ) )} -> Enviado | ... O49: {=IF( VLOOKUP( $A49, _xlfn._xlws.FILTER( INDIRECT("'"&O$1&"'!A2:E1000"), (INDIRECT("'"&O$1&"'!B2:B1000")=$B49) * (INDIRECT("'"&O$1&"'!C2:C1000")=$C49) ), 5, FALSE )=0, "", VLOOKUP( $A49, _xlfn._xlws.FILTER( INDIRECT("'"&O$1&"'!A2:E1000"), (INDIRECT("'"&O$1&"'!B2:B1000")=$B49) * (INDIRECT("'"&O$1&"'!C2:C1000")=$C49) ), 5, FALSE ) )}
A50: Conisul | B50: Japorã | C50: 1 | D50: {=IF( VLOOKUP( $A50, _xlfn._xlws.FILTER( INDIRECT("'"&D$1&"'!A2:E1000"), (INDIRECT("'"&D$1&"'!B2:B1000")=$B50) * (INDIRECT("'"&D$1&"'!C2:C1000")=$C50) ), 5, FALSE )=0, "", VLOOKUP( $A50, _xlfn._xlws.FILTER( INDIRECT("'"&D$1&"'!A2:E1000"), (INDIRECT("'"&D$1&"'!B2:B1000")=$B50) * (INDIRECT("'"&D$1&"'!C2:C1000")=$C50) ), 5, FALSE ) )} -> Sem Técnico | E50: {=IF( VLOOKUP( $A50, _xlfn._xlws.FILTER( INDIRECT("'"&E$1&"'!A2:E1000"), (INDIRECT("'"&E$1&"'!B2:B1000")=$B50) * (INDIRECT("'"&E$1&"'!C2:C1000")=$C50) ), 5, FALSE )=0, "", VLOOKUP( $A50, _xlfn._xlws.FILTER( INDIRECT("'"&E$1&"'!A2:E1000"), (INDIRECT("'"&E$1&"'!B2:B1000")=$B50) * (INDIRECT("'"&E$1&"'!C2:C1000")=$C50) ), 5, FALSE ) )} -> Sem Técnico | F50: {=IF( VLOOKUP( $A50, _xlfn._xlws.FILTER( INDIRECT("'"&F$1&"'!A2:E1000"), (INDIRECT("'"&F$1&"'!B2:B1000")=$B50) * (INDIRECT("'"&F$1&"'!C2:C1000")=$C50) ), 5, FALSE )=0, "", VLOOKUP( $A50, _xlfn._xlws.FILTER( INDIRECT("'"&F$1&"'!A2:E1000"), (INDIRECT("'"&F$1&"'!B2:B1000")=$B50) * (INDIRECT("'"&F$1&"'!C2:C1000")=$C50) ), 5, FALSE ) )} -> Sem Técnico | G50: {=IF( VLOOKUP( $A50, _xlfn._xlws.FILTER( INDIRECT("'"&G$1&"'!A2:E1000"), (INDIRECT("'"&G$1&"'!B2:B1000")=$B50) * (INDIRECT("'"&G$1&"'!C2:C1000")=$C50) ), 5, FALSE )=0, "", VLOOKUP( $A50, _xlfn._xlws.FILTER( INDIRECT("'"&G$1&"'!A2:E1000"), (INDIRECT("'"&G$1&"'!B2:B1000")=$B50) * (INDIRECT("'"&G$1&"'!C2:C1000")=$C50) ), 5, FALSE ) )} -> Sem Técnico | H50: {=IF( VLOOKUP( $A50, _xlfn._xlws.FILTER( INDIRECT("'"&H$1&"'!A2:E1000"), (INDIRECT("'"&H$1&"'!B2:B1000")=$B50) * (INDIRECT("'"&H$1&"'!C2:C1000")=$C50) ), 5, FALSE )=0, "", VLOOKUP( $A50, _xlfn._xlws.FILTER( INDIRECT("'"&H$1&"'!A2:E1000"), (INDIRECT("'"&H$1&"'!B2:B1000")=$B50) * (INDIRECT("'"&H$1&"'!C2:C1000")=$C50) ), 5, FALSE ) )} -> Sem Técnico | I50: {=IF( VLOOKUP( $A50, _xlfn._xlws.FILTER( INDIRECT("'"&I$1&"'!A2:E1000"), (INDIRECT("'"&I$1&"'!B2:B1000")=$B50) * (INDIRECT("'"&I$1&"'!C2:C1000")=$C50) ), 5, FALSE )=0, "", VLOOKUP( $A50, _xlfn._xlws.FILTER( INDIRECT("'"&I$1&"'!A2:E1000"), (INDIRECT("'"&I$1&"'!B2:B1000")=$B50) * (INDIRECT("'"&I$1&"'!C2:C1000")=$C50) ), 5, FALSE ) )} -> Enviado | J50: {=IF( VLOOKUP( $A50, _xlfn._xlws.FILTER( INDIRECT("'"&J$1&"'!A2:E1000"), (INDIRECT("'"&J$1&"'!B2:B1000")=$B50) * (INDIRECT("'"&J$1&"'!C2:C1000")=$C50) ), 5, FALSE )=0, "", VLOOKUP( $A50, _xlfn._xlws.FILTER( INDIRECT("'"&J$1&"'!A2:E1000"), (INDIRECT("'"&J$1&"'!B2:B1000")=$B50) * (INDIRECT("'"&J$1&"'!C2:C1000")=$C50) ), 5, FALSE ) )} -> Sem Técnico | K50: {=IF( VLOOKUP( $A50, _xlfn._xlws.FILTER( INDIRECT("'"&K$1&"'!A2:E1000"), (INDIRECT("'"&K$1&"'!B2:B1000")=$B50) * (INDIRECT("'"&K$1&"'!C2:C1000")=$C50) ), 5, FALSE )=0, "", VLOOKUP( $A50, _xlfn._xlws.FILTER( INDIRECT("'"&K$1&"'!A2:E1000"), (INDIRECT("'"&K$1&"'!B2:B1000")=$B50) * (INDIRECT("'"&K$1&"'!C2:C1000")=$C50) ), 5, FALSE ) )} -> Atrasado >= 2 | ... O50: {=IF( VLOOKUP( $A50, _xlfn._xlws.FILTER( INDIRECT("'"&O$1&"'!A2:E1000"), (INDIRECT("'"&O$1&"'!B2:B1000")=$B50) * (INDIRECT("'"&O$1&"'!C2:C1000")=$C50) ), 5, FALSE )=0, "", VLOOKUP( $A50, _xlfn._xlws.FILTER( INDIRECT("'"&O$1&"'!A2:E1000"), (INDIRECT("'"&O$1&"'!B2:B1000")=$B50) * (INDIRECT("'"&O$1&"'!C2:C1000")=$C50) ), 5, FALSE ) )}
A51: Conisul | B51: Juti | C51: 1 | D51: {=IF( VLOOKUP( $A51, _xlfn._xlws.FILTER( INDIRECT("'"&D$1&"'!A2:E1000"), (INDIRECT("'"&D$1&"'!B2:B1000")=$B51) * (INDIRECT("'"&D$1&"'!C2:C1000")=$C51) ), 5, FALSE )=0, "", VLOOKUP( $A51, _xlfn._xlws.FILTER( INDIRECT("'"&D$1&"'!A2:E1000"), (INDIRECT("'"&D$1&"'!B2:B1000")=$B51) * (INDIRECT("'"&D$1&"'!C2:C1000")=$C51) ), 5, FALSE ) )} -> Sem Técnico | E51: {=IF( VLOOKUP( $A51, _xlfn._xlws.FILTER( INDIRECT("'"&E$1&"'!A2:E1000"), (INDIRECT("'"&E$1&"'!B2:B1000")=$B51) * (INDIRECT("'"&E$1&"'!C2:C1000")=$C51) ), 5, FALSE )=0, "", VLOOKUP( $A51, _xlfn._xlws.FILTER( INDIRECT("'"&E$1&"'!A2:E1000"), (INDIRECT("'"&E$1&"'!B2:B1000")=$B51) * (INDIRECT("'"&E$1&"'!C2:C1000")=$C51) ), 5, FALSE ) )} -> Sem Técnico | F51: {=IF( VLOOKUP( $A51, _xlfn._xlws.FILTER( INDIRECT("'"&F$1&"'!A2:E1000"), (INDIRECT("'"&F$1&"'!B2:B1000")=$B51) * (INDIRECT("'"&F$1&"'!C2:C1000")=$C51) ), 5, FALSE )=0, "", VLOOKUP( $A51, _xlfn._xlws.FILTER( INDIRECT("'"&F$1&"'!A2:E1000"), (INDIRECT("'"&F$1&"'!B2:B1000")=$B51) * (INDIRECT("'"&F$1&"'!C2:C1000")=$C51) ), 5, FALSE ) )} -> Sem Técnico | G51: {=IF( VLOOKUP( $A51, _xlfn._xlws.FILTER( INDIRECT("'"&G$1&"'!A2:E1000"), (INDIRECT("'"&G$1&"'!B2:B1000")=$B51) * (INDIRECT("'"&G$1&"'!C2:C1000")=$C51) ), 5, FALSE )=0, "", VLOOKUP( $A51, _xlfn._xlws.FILTER( INDIRECT("'"&G$1&"'!A2:E1000"), (INDIRECT("'"&G$1&"'!B2:B1000")=$B51) * (INDIRECT("'"&G$1&"'!C2:C1000")=$C51) ), 5, FALSE ) )} -> Sem Técnico | H51: {=IF( VLOOKUP( $A51, _xlfn._xlws.FILTER( INDIRECT("'"&H$1&"'!A2:E1000"), (INDIRECT("'"&H$1&"'!B2:B1000")=$B51) * (INDIRECT("'"&H$1&"'!C2:C1000")=$C51) ), 5, FALSE )=0, "", VLOOKUP( $A51, _xlfn._xlws.FILTER( INDIRECT("'"&H$1&"'!A2:E1000"), (INDIRECT("'"&H$1&"'!B2:B1000")=$B51) * (INDIRECT("'"&H$1&"'!C2:C1000")=$C51) ), 5, FALSE ) )} -> Sem Técnico | I51: {=IF( VLOOKUP( $A51, _xlfn._xlws.FILTER( INDIRECT("'"&I$1&"'!A2:E1000"), (INDIRECT("'"&I$1&"'!B2:B1000")=$B51) * (INDIRECT("'"&I$1&"'!C2:C1000")=$C51) ), 5, FALSE )=0, "", VLOOKUP( $A51, _xlfn._xlws.FILTER( INDIRECT("'"&I$1&"'!A2:E1000"), (INDIRECT("'"&I$1&"'!B2:B1000")=$B51) * (INDIRECT("'"&I$1&"'!C2:C1000")=$C51) ), 5, FALSE ) )} -> Sem Técnico | J51: {=IF( VLOOKUP( $A51, _xlfn._xlws.FILTER( INDIRECT("'"&J$1&"'!A2:E1000"), (INDIRECT("'"&J$1&"'!B2:B1000")=$B51) * (INDIRECT("'"&J$1&"'!C2:C1000")=$C51) ), 5, FALSE )=0, "", VLOOKUP( $A51, _xlfn._xlws.FILTER( INDIRECT("'"&J$1&"'!A2:E1000"), (INDIRECT("'"&J$1&"'!B2:B1000")=$B51) * (INDIRECT("'"&J$1&"'!C2:C1000")=$C51) ), 5, FALSE ) )} -> Sem Técnico | K51: {=IF( VLOOKUP( $A51, _xlfn._xlws.FILTER( INDIRECT("'"&K$1&"'!A2:E1000"), (INDIRECT("'"&K$1&"'!B2:B1000")=$B51) * (INDIRECT("'"&K$1&"'!C2:C1000")=$C51) ), 5, FALSE )=0, "", VLOOKUP( $A51, _xlfn._xlws.FILTER( INDIRECT("'"&K$1&"'!A2:E1000"), (INDIRECT("'"&K$1&"'!B2:B1000")=$B51) * (INDIRECT("'"&K$1&"'!C2:C1000")=$C51) ), 5, FALSE ) )} -> Enviado | ... O51: {=IF( VLOOKUP( $A51, _xlfn._xlws.FILTER( INDIRECT("'"&O$1&"'!A2:E1000"), (INDIRECT("'"&O$1&"'!B2:B1000")=$B51) * (INDIRECT("'"&O$1&"'!C2:C1000")=$C51) ), 5, FALSE )=0, "", VLOOKUP( $A51, _xlfn._xlws.FILTER( INDIRECT("'"&O$1&"'!A2:E1000"), (INDIRECT("'"&O$1&"'!B2:B1000")=$B51) * (INDIRECT("'"&O$1&"'!C2:C1000")=$C51) ), 5, FALSE ) )}
A52: Conisul | B52: Naviraí | C52: 1 | D52: {=IF( VLOOKUP( $A52, _xlfn._xlws.FILTER( INDIRECT("'"&D$1&"'!A2:E1000"), (INDIRECT("'"&D$1&"'!B2:B1000")=$B52) * (INDIRECT("'"&D$1&"'!C2:C1000")=$C52) ), 5, FALSE )=0, "", VLOOKUP( $A52, _xlfn._xlws.FILTER( INDIRECT("'"&D$1&"'!A2:E1000"), (INDIRECT("'"&D$1&"'!B2:B1000")=$B52) * (INDIRECT("'"&D$1&"'!C2:C1000")=$C52) ), 5, FALSE ) )} -> Sem Técnico | E52: {=IF( VLOOKUP( $A52, _xlfn._xlws.FILTER( INDIRECT("'"&E$1&"'!A2:E1000"), (INDIRECT("'"&E$1&"'!B2:B1000")=$B52) * (INDIRECT("'"&E$1&"'!C2:C1000")=$C52) ), 5, FALSE )=0, "", VLOOKUP( $A52, _xlfn._xlws.FILTER( INDIRECT("'"&E$1&"'!A2:E1000"), (INDIRECT("'"&E$1&"'!B2:B1000")=$B52) * (INDIRECT("'"&E$1&"'!C2:C1000")=$C52) ), 5, FALSE ) )} -> Sem Técnico | F52: {=IF( VLOOKUP( $A52, _xlfn._xlws.FILTER( INDIRECT("'"&F$1&"'!A2:E1000"), (INDIRECT("'"&F$1&"'!B2:B1000")=$B52) * (INDIRECT("'"&F$1&"'!C2:C1000")=$C52) ), 5, FALSE )=0, "", VLOOKUP( $A52, _xlfn._xlws.FILTER( INDIRECT("'"&F$1&"'!A2:E1000"), (INDIRECT("'"&F$1&"'!B2:B1000")=$B52) * (INDIRECT("'"&F$1&"'!C2:C1000")=$C52) ), 5, FALSE ) )} -> Sem Técnico | G52: {=IF( VLOOKUP( $A52, _xlfn._xlws.FILTER( INDIRECT("'"&G$1&"'!A2:E1000"), (INDIRECT("'"&G$1&"'!B2:B1000")=$B52) * (INDIRECT("'"&G$1&"'!C2:C1000")=$C52) ), 5, FALSE )=0, "", VLOOKUP( $A52, _xlfn._xlws.FILTER( INDIRECT("'"&G$1&"'!A2:E1000"), (INDIRECT("'"&G$1&"'!B2:B1000")=$B52) * (INDIRECT("'"&G$1&"'!C2:C1000")=$C52) ), 5, FALSE ) )} -> Sem Técnico | H52: {=IF( VLOOKUP( $A52, _xlfn._xlws.FILTER( INDIRECT("'"&H$1&"'!A2:E1000"), (INDIRECT("'"&H$1&"'!B2:B1000")=$B52) * (INDIRECT("'"&H$1&"'!C2:C1000")=$C52) ), 5, FALSE )=0, "", VLOOKUP( $A52, _xlfn._xlws.FILTER( INDIRECT("'"&H$1&"'!A2:E1000"), (INDIRECT("'"&H$1&"'!B2:B1000")=$B52) * (INDIRECT("'"&H$1&"'!C2:C1000")=$C52) ), 5, FALSE ) )} -> Sem Técnico | I52: {=IF( VLOOKUP( $A52, _xlfn._xlws.FILTER( INDIRECT("'"&I$1&"'!A2:E1000"), (INDIRECT("'"&I$1&"'!B2:B1000")=$B52) * (INDIRECT("'"&I$1&"'!C2:C1000")=$C52) ), 5, FALSE )=0, "", VLOOKUP( $A52, _xlfn._xlws.FILTER( INDIRECT("'"&I$1&"'!A2:E1000"), (INDIRECT("'"&I$1&"'!B2:B1000")=$B52) * (INDIRECT("'"&I$1&"'!C2:C1000")=$C52) ), 5, FALSE ) )} -> Sem Técnico | J52: {=IF( VLOOKUP( $A52, _xlfn._xlws.FILTER( INDIRECT("'"&J$1&"'!A2:E1000"), (INDIRECT("'"&J$1&"'!B2:B1000")=$B52) * (INDIRECT("'"&J$1&"'!C2:C1000")=$C52) ), 5, FALSE )=0, "", VLOOKUP( $A52, _xlfn._xlws.FILTER( INDIRECT("'"&J$1&"'!A2:E1000"), (INDIRECT("'"&J$1&"'!B2:B1000")=$B52) * (INDIRECT("'"&J$1&"'!C2:C1000")=$C52) ), 5, FALSE ) )} -> Sem Técnico | K52: {=IF( VLOOKUP( $A52, _xlfn._xlws.FILTER( INDIRECT("'"&K$1&"'!A2:E1000"), (INDIRECT("'"&K$1&"'!B2:B1000")=$B52) * (INDIRECT("'"&K$1&"'!C2:C1000")=$C52) ), 5, FALSE )=0, "", VLOOKUP( $A52, _xlfn._xlws.FILTER( INDIRECT("'"&K$1&"'!A2:E1000"), (INDIRECT("'"&K$1&"'!B2:B1000")=$B52) * (INDIRECT("'"&K$1&"'!C2:C1000")=$C52) ), 5, FALSE ) )} -> Duplicado | ... O52: {=IF( VLOOKUP( $A52, _xlfn._xlws.FILTER( INDIRECT("'"&O$1&"'!A2:E1000"), (INDIRECT("'"&O$1&"'!B2:B1000")=$B52) * (INDIRECT("'"&O$1&"'!C2:C1000")=$C52) ), 5, FALSE )=0, "", VLOOKUP( $A52, _xlfn._xlws.FILTER( INDIRECT("'"&O$1&"'!A2:E1000"), (INDIRECT("'"&O$1&"'!B2:B1000")=$B52) * (INDIRECT("'"&O$1&"'!C2:C1000")=$C52) ), 5, FALSE ) )}
A53: Conisul | B53: Paranhos | C53: 1 | D53: {=IF( VLOOKUP( $A53, _xlfn._xlws.FILTER( INDIRECT("'"&D$1&"'!A2:E1000"), (INDIRECT("'"&D$1&"'!B2:B1000")=$B53) * (INDIRECT("'"&D$1&"'!C2:C1000")=$C53) ), 5, FALSE )=0, "", VLOOKUP( $A53, _xlfn._xlws.FILTER( INDIRECT("'"&D$1&"'!A2:E1000"), (INDIRECT("'"&D$1&"'!B2:B1000")=$B53) * (INDIRECT("'"&D$1&"'!C2:C1000")=$C53) ), 5, FALSE ) )} -> Sem Técnico | E53: {=IF( VLOOKUP( $A53, _xlfn._xlws.FILTER( INDIRECT("'"&E$1&"'!A2:E1000"), (INDIRECT("'"&E$1&"'!B2:B1000")=$B53) * (INDIRECT("'"&E$1&"'!C2:C1000")=$C53) ), 5, FALSE )=0, "", VLOOKUP( $A53, _xlfn._xlws.FILTER( INDIRECT("'"&E$1&"'!A2:E1000"), (INDIRECT("'"&E$1&"'!B2:B1000")=$B53) * (INDIRECT("'"&E$1&"'!C2:C1000")=$C53) ), 5, FALSE ) )} -> Sem Técnico | F53: {=IF( VLOOKUP( $A53, _xlfn._xlws.FILTER( INDIRECT("'"&F$1&"'!A2:E1000"), (INDIRECT("'"&F$1&"'!B2:B1000")=$B53) * (INDIRECT("'"&F$1&"'!C2:C1000")=$C53) ), 5, FALSE )=0, "", VLOOKUP( $A53, _xlfn._xlws.FILTER( INDIRECT("'"&F$1&"'!A2:E1000"), (INDIRECT("'"&F$1&"'!B2:B1000")=$B53) * (INDIRECT("'"&F$1&"'!C2:C1000")=$C53) ), 5, FALSE ) )} -> Sem Técnico | G53: {=IF( VLOOKUP( $A53, _xlfn._xlws.FILTER( INDIRECT("'"&G$1&"'!A2:E1000"), (INDIRECT("'"&G$1&"'!B2:B1000")=$B53) * (INDIRECT("'"&G$1&"'!C2:C1000")=$C53) ), 5, FALSE )=0, "", VLOOKUP( $A53, _xlfn._xlws.FILTER( INDIRECT("'"&G$1&"'!A2:E1000"), (INDIRECT("'"&G$1&"'!B2:B1000")=$B53) * (INDIRECT("'"&G$1&"'!C2:C1000")=$C53) ), 5, FALSE ) )} -> Sem Técnico | H53: {=IF( VLOOKUP( $A53, _xlfn._xlws.FILTER( INDIRECT("'"&H$1&"'!A2:E1000"), (INDIRECT("'"&H$1&"'!B2:B1000")=$B53) * (INDIRECT("'"&H$1&"'!C2:C1000")=$C53) ), 5, FALSE )=0, "", VLOOKUP( $A53, _xlfn._xlws.FILTER( INDIRECT("'"&H$1&"'!A2:E1000"), (INDIRECT("'"&H$1&"'!B2:B1000")=$B53) * (INDIRECT("'"&H$1&"'!C2:C1000")=$C53) ), 5, FALSE ) )} -> Sem Técnico | I53: {=IF( VLOOKUP( $A53, _xlfn._xlws.FILTER( INDIRECT("'"&I$1&"'!A2:E1000"), (INDIRECT("'"&I$1&"'!B2:B1000")=$B53) * (INDIRECT("'"&I$1&"'!C2:C1000")=$C53) ), 5, FALSE )=0, "", VLOOKUP( $A53, _xlfn._xlws.FILTER( INDIRECT("'"&I$1&"'!A2:E1000"), (INDIRECT("'"&I$1&"'!B2:B1000")=$B53) * (INDIRECT("'"&I$1&"'!C2:C1000")=$C53) ), 5, FALSE ) )} -> Sem Técnico | J53: {=IF( VLOOKUP( $A53, _xlfn._xlws.FILTER( INDIRECT("'"&J$1&"'!A2:E1000"), (INDIRECT("'"&J$1&"'!B2:B1000")=$B53) * (INDIRECT("'"&J$1&"'!C2:C1000")=$C53) ), 5, FALSE )=0, "", VLOOKUP( $A53, _xlfn._xlws.FILTER( INDIRECT("'"&J$1&"'!A2:E1000"), (INDIRECT("'"&J$1&"'!B2:B1000")=$B53) * (INDIRECT("'"&J$1&"'!C2:C1000")=$C53) ), 5, FALSE ) )} -> Sem Técnico | K53: {=IF( VLOOKUP( $A53, _xlfn._xlws.FILTER( INDIRECT("'"&K$1&"'!A2:E1000"), (INDIRECT("'"&K$1&"'!B2:B1000")=$B53) * (INDIRECT("'"&K$1&"'!C2:C1000")=$C53) ), 5, FALSE )=0, "", VLOOKUP( $A53, _xlfn._xlws.FILTER( INDIRECT("'"&K$1&"'!A2:E1000"), (INDIRECT("'"&K$1&"'!B2:B1000")=$B53) * (INDIRECT("'"&K$1&"'!C2:C1000")=$C53) ), 5, FALSE ) )} -> Atrasado >= 2 | ... O53: {=IF( VLOOKUP( $A53, _xlfn._xlws.FILTER( INDIRECT("'"&O$1&"'!A2:E1000"), (INDIRECT("'"&O$1&"'!B2:B1000")=$B53) * (INDIRECT("'"&O$1&"'!C2:C1000")=$C53) ), 5, FALSE )=0, "", VLOOKUP( $A53, _xlfn._xlws.FILTER( INDIRECT("'"&O$1&"'!A2:E1000"), (INDIRECT("'"&O$1&"'!B2:B1000")=$B53) * (INDIRECT("'"&O$1&"'!C2:C1000")=$C53) ), 5, FALSE ) )}
A54: Conisul | B54: Sete Quedas | C54: 1 | D54: {=IF( VLOOKUP( $A54, _xlfn._xlws.FILTER( INDIRECT("'"&D$1&"'!A2:E1000"), (INDIRECT("'"&D$1&"'!B2:B1000")=$B54) * (INDIRECT("'"&D$1&"'!C2:C1000")=$C54) ), 5, FALSE )=0, "", VLOOKUP( $A54, _xlfn._xlws.FILTER( INDIRECT("'"&D$1&"'!A2:E1000"), (INDIRECT("'"&D$1&"'!B2:B1000")=$B54) * (INDIRECT("'"&D$1&"'!C2:C1000")=$C54) ), 5, FALSE ) )} -> Sem Técnico | E54: {=IF( VLOOKUP( $A54, _xlfn._xlws.FILTER( INDIRECT("'"&E$1&"'!A2:E1000"), (INDIRECT("'"&E$1&"'!B2:B1000")=$B54) * (INDIRECT("'"&E$1&"'!C2:C1000")=$C54) ), 5, FALSE )=0, "", VLOOKUP( $A54, _xlfn._xlws.FILTER( INDIRECT("'"&E$1&"'!A2:E1000"), (INDIRECT("'"&E$1&"'!B2:B1000")=$B54) * (INDIRECT("'"&E$1&"'!C2:C1000")=$C54) ), 5, FALSE ) )} -> Sem Técnico | F54: {=IF( VLOOKUP( $A54, _xlfn._xlws.FILTER( INDIRECT("'"&F$1&"'!A2:E1000"), (INDIRECT("'"&F$1&"'!B2:B1000")=$B54) * (INDIRECT("'"&F$1&"'!C2:C1000")=$C54) ), 5, FALSE )=0, "", VLOOKUP( $A54, _xlfn._xlws.FILTER( INDIRECT("'"&F$1&"'!A2:E1000"), (INDIRECT("'"&F$1&"'!B2:B1000")=$B54) * (INDIRECT("'"&F$1&"'!C2:C1000")=$C54) ), 5, FALSE ) )} -> Sem Técnico | G54: {=IF( VLOOKUP( $A54, _xlfn._xlws.FILTER( INDIRECT("'"&G$1&"'!A2:E1000"), (INDIRECT("'"&G$1&"'!B2:B1000")=$B54) * (INDIRECT("'"&G$1&"'!C2:C1000")=$C54) ), 5, FALSE )=0, "", VLOOKUP( $A54, _xlfn._xlws.FILTER( INDIRECT("'"&G$1&"'!A2:E1000"), (INDIRECT("'"&G$1&"'!B2:B1000")=$B54) * (INDIRECT("'"&G$1&"'!C2:C1000")=$C54) ), 5, FALSE ) )} -> Sem Técnico | H54: {=IF( VLOOKUP( $A54, _xlfn._xlws.FILTER( INDIRECT("'"&H$1&"'!A2:E1000"), (INDIRECT("'"&H$1&"'!B2:B1000")=$B54) * (INDIRECT("'"&H$1&"'!C2:C1000")=$C54) ), 5, FALSE )=0, "", VLOOKUP( $A54, _xlfn._xlws.FILTER( INDIRECT("'"&H$1&"'!A2:E1000"), (INDIRECT("'"&H$1&"'!B2:B1000")=$B54) * (INDIRECT("'"&H$1&"'!C2:C1000")=$C54) ), 5, FALSE ) )} -> Sem Técnico | I54: {=IF( VLOOKUP( $A54, _xlfn._xlws.FILTER( INDIRECT("'"&I$1&"'!A2:E1000"), (INDIRECT("'"&I$1&"'!B2:B1000")=$B54) * (INDIRECT("'"&I$1&"'!C2:C1000")=$C54) ), 5, FALSE )=0, "", VLOOKUP( $A54, _xlfn._xlws.FILTER( INDIRECT("'"&I$1&"'!A2:E1000"), (INDIRECT("'"&I$1&"'!B2:B1000")=$B54) * (INDIRECT("'"&I$1&"'!C2:C1000")=$C54) ), 5, FALSE ) )} -> Sem Técnico | J54: {=IF( VLOOKUP( $A54, _xlfn._xlws.FILTER( INDIRECT("'"&J$1&"'!A2:E1000"), (INDIRECT("'"&J$1&"'!B2:B1000")=$B54) * (INDIRECT("'"&J$1&"'!C2:C1000")=$C54) ), 5, FALSE )=0, "", VLOOKUP( $A54, _xlfn._xlws.FILTER( INDIRECT("'"&J$1&"'!A2:E1000"), (INDIRECT("'"&J$1&"'!B2:B1000")=$B54) * (INDIRECT("'"&J$1&"'!C2:C1000")=$C54) ), 5, FALSE ) )} -> Sem Técnico | K54: {=IF( VLOOKUP( $A54, _xlfn._xlws.FILTER( INDIRECT("'"&K$1&"'!A2:E1000"), (INDIRECT("'"&K$1&"'!B2:B1000")=$B54) * (INDIRECT("'"&K$1&"'!C2:C1000")=$C54) ), 5, FALSE )=0, "", VLOOKUP( $A54, _xlfn._xlws.FILTER( INDIRECT("'"&K$1&"'!A2:E1000"), (INDIRECT("'"&K$1&"'!B2:B1000")=$B54) * (INDIRECT("'"&K$1&"'!C2:C1000")=$C54) ), 5, FALSE ) )} -> Sem Técnico | ... O54: {=IF( VLOOKUP( $A54, _xlfn._xlws.FILTER( INDIRECT("'"&O$1&"'!A2:E1000"), (INDIRECT("'"&O$1&"'!B2:B1000")=$B54) * (INDIRECT("'"&O$1&"'!C2:C1000")=$C54) ), 5, FALSE )=0, "", VLOOKUP( $A54, _xlfn._xlws.FILTER( INDIRECT("'"&O$1&"'!A2:E1000"), (INDIRECT("'"&O$1&"'!B2:B1000")=$B54) * (INDIRECT("'"&O$1&"'!C2:C1000")=$C54) ), 5, FALSE ) )} -> Sem Técnico
A55: Conisul | B55: Tacuru | C55: 1 | D55: {=IF( VLOOKUP( $A55, _xlfn._xlws.FILTER( INDIRECT("'"&D$1&"'!A2:E1000"), (INDIRECT("'"&D$1&"'!B2:B1000")=$B55) * (INDIRECT("'"&D$1&"'!C2:C1000")=$C55) ), 5, FALSE )=0, "", VLOOKUP( $A55, _xlfn._xlws.FILTER( INDIRECT("'"&D$1&"'!A2:E1000"), (INDIRECT("'"&D$1&"'!B2:B1000")=$B55) * (INDIRECT("'"&D$1&"'!C2:C1000")=$C55) ), 5, FALSE ) )} -> Sem Técnico | E55: {=IF( VLOOKUP( $A55, _xlfn._xlws.FILTER( INDIRECT("'"&E$1&"'!A2:E1000"), (INDIRECT("'"&E$1&"'!B2:B1000")=$B55) * (INDIRECT("'"&E$1&"'!C2:C1000")=$C55) ), 5, FALSE )=0, "", VLOOKUP( $A55, _xlfn._xlws.FILTER( INDIRECT("'"&E$1&"'!A2:E1000"), (INDIRECT("'"&E$1&"'!B2:B1000")=$B55) * (INDIRECT("'"&E$1&"'!C2:C1000")=$C55) ), 5, FALSE ) )} -> Sem Técnico | F55: {=IF( VLOOKUP( $A55, _xlfn._xlws.FILTER( INDIRECT("'"&F$1&"'!A2:E1000"), (INDIRECT("'"&F$1&"'!B2:B1000")=$B55) * (INDIRECT("'"&F$1&"'!C2:C1000")=$C55) ), 5, FALSE )=0, "", VLOOKUP( $A55, _xlfn._xlws.FILTER( INDIRECT("'"&F$1&"'!A2:E1000"), (INDIRECT("'"&F$1&"'!B2:B1000")=$B55) * (INDIRECT("'"&F$1&"'!C2:C1000")=$C55) ), 5, FALSE ) )} -> Sem Técnico | G55: {=IF( VLOOKUP( $A55, _xlfn._xlws.FILTER( INDIRECT("'"&G$1&"'!A2:E1000"), (INDIRECT("'"&G$1&"'!B2:B1000")=$B55) * (INDIRECT("'"&G$1&"'!C2:C1000")=$C55) ), 5, FALSE )=0, "", VLOOKUP( $A55, _xlfn._xlws.FILTER( INDIRECT("'"&G$1&"'!A2:E1000"), (INDIRECT("'"&G$1&"'!B2:B1000")=$B55) * (INDIRECT("'"&G$1&"'!C2:C1000")=$C55) ), 5, FALSE ) )} -> Sem Técnico | H55: {=IF( VLOOKUP( $A55, _xlfn._xlws.FILTER( INDIRECT("'"&H$1&"'!A2:E1000"), (INDIRECT("'"&H$1&"'!B2:B1000")=$B55) * (INDIRECT("'"&H$1&"'!C2:C1000")=$C55) ), 5, FALSE )=0, "", VLOOKUP( $A55, _xlfn._xlws.FILTER( INDIRECT("'"&H$1&"'!A2:E1000"), (INDIRECT("'"&H$1&"'!B2:B1000")=$B55) * (INDIRECT("'"&H$1&"'!C2:C1000")=$C55) ), 5, FALSE ) )} -> Sem Técnico | I55: {=IF( VLOOKUP( $A55, _xlfn._xlws.FILTER( INDIRECT("'"&I$1&"'!A2:E1000"), (INDIRECT("'"&I$1&"'!B2:B1000")=$B55) * (INDIRECT("'"&I$1&"'!C2:C1000")=$C55) ), 5, FALSE )=0, "", VLOOKUP( $A55, _xlfn._xlws.FILTER( INDIRECT("'"&I$1&"'!A2:E1000"), (INDIRECT("'"&I$1&"'!B2:B1000")=$B55) * (INDIRECT("'"&I$1&"'!C2:C1000")=$C55) ), 5, FALSE ) )} -> Sem Técnico | J55: {=IF( VLOOKUP( $A55, _xlfn._xlws.FILTER( INDIRECT("'"&J$1&"'!A2:E1000"), (INDIRECT("'"&J$1&"'!B2:B1000")=$B55) * (INDIRECT("'"&J$1&"'!C2:C1000")=$C55) ), 5, FALSE )=0, "", VLOOKUP( $A55, _xlfn._xlws.FILTER( INDIRECT("'"&J$1&"'!A2:E1000"), (INDIRECT("'"&J$1&"'!B2:B1000")=$B55) * (INDIRECT("'"&J$1&"'!C2:C1000")=$C55) ), 5, FALSE ) )} -> Sem Técnico | K55: {=IF( VLOOKUP( $A55, _xlfn._xlws.FILTER( INDIRECT("'"&K$1&"'!A2:E1000"), (INDIRECT("'"&K$1&"'!B2:B1000")=$B55) * (INDIRECT("'"&K$1&"'!C2:C1000")=$C55) ), 5, FALSE )=0, "", VLOOKUP( $A55, _xlfn._xlws.FILTER( INDIRECT("'"&K$1&"'!A2:E1000"), (INDIRECT("'"&K$1&"'!B2:B1000")=$B55) * (INDIRECT("'"&K$1&"'!C2:C1000")=$C55) ), 5, FALSE ) )} -> Enviado | ... O55: {=IF( VLOOKUP( $A55, _xlfn._xlws.FILTER( INDIRECT("'"&O$1&"'!A2:E1000"), (INDIRECT("'"&O$1&"'!B2:B1000")=$B55) * (INDIRECT("'"&O$1&"'!C2:C1000")=$C55) ), 5, FALSE )=0, "", VLOOKUP( $A55, _xlfn._xlws.FILTER( INDIRECT("'"&O$1&"'!A2:E1000"), (INDIRECT("'"&O$1&"'!B2:B1000")=$B55) * (INDIRECT("'"&O$1&"'!C2:C1000")=$C55) ), 5, FALSE ) )}

Sheet Regionais
A1: Regional | B1: Municípios | C1: UVR | D1: 01.25 | E1: 02.25 | F1: 03.25 | G1: 04.25 | H1: 05.25 | I1: 06.25 | J1: 07.25 | K1: 08.25 | L1: 09.25 | M1: 10.25 | N1: 11.25 | O1: 12.25
A2: Coripa | B2: Alto Paraíso | C2: 1 | D2: {=IF( VLOOKUP( $A2, _xlfn._xlws.FILTER( INDIRECT("'"&D$1&"'!A2:G1000"), (INDIRECT("'"&D$1&"'!B2:B1000")=$B2) * (INDIRECT("'"&D$1&"'!C2:C1000")=$C2) ), 5, FALSE )="", "", VLOOKUP( $A2, _xlfn._xlws.FILTER( INDIRECT("'"&D$1&"'!A2:G1000"), (INDIRECT("'"&D$1&"'!B2:B1000")=$B2) * (INDIRECT("'"&D$1&"'!C2:C1000")=$C2) ),7, FALSE ) )} -> Sim | E2: {=IF( VLOOKUP( $A2, _xlfn._xlws.FILTER( INDIRECT("'"&E$1&"'!A2:G1000"), (INDIRECT("'"&E$1&"'!B2:B1000")=$B2) * (INDIRECT("'"&E$1&"'!C2:C1000")=$C2) ), 5, FALSE )="", "", VLOOKUP( $A2, _xlfn._xlws.FILTER( INDIRECT("'"&E$1&"'!A2:G1000"), (INDIRECT("'"&E$1&"'!B2:B1000")=$B2) * (INDIRECT("'"&E$1&"'!C2:C1000")=$C2) ),7, FALSE ) )} -> Sim | F2: {=IF( VLOOKUP( $A2, _xlfn._xlws.FILTER( INDIRECT("'"&F$1&"'!A2:G1000"), (INDIRECT("'"&F$1&"'!B2:B1000")=$B2) * (INDIRECT("'"&F$1&"'!C2:C1000")=$C2) ), 5, FALSE )="", "", VLOOKUP( $A2, _xlfn._xlws.FILTER( INDIRECT("'"&F$1&"'!A2:G1000"), (INDIRECT("'"&F$1&"'!B2:B1000")=$B2) * (INDIRECT("'"&F$1&"'!C2:C1000")=$C2) ),7, FALSE ) )} -> Sim | G2: {=IF( VLOOKUP( $A2, _xlfn._xlws.FILTER( INDIRECT("'"&G$1&"'!A2:G1000"), (INDIRECT("'"&G$1&"'!B2:B1000")=$B2) * (INDIRECT("'"&G$1&"'!C2:C1000")=$C2) ), 5, FALSE )="", "", VLOOKUP( $A2, _xlfn._xlws.FILTER( INDIRECT("'"&G$1&"'!A2:G1000"), (INDIRECT("'"&G$1&"'!B2:B1000")=$B2) * (INDIRECT("'"&G$1&"'!C2:C1000")=$C2) ),7, FALSE ) )} -> Sim | H2: {=IF( VLOOKUP( $A2, _xlfn._xlws.FILTER( INDIRECT("'"&H$1&"'!A2:G1000"), (INDIRECT("'"&H$1&"'!B2:B1000")=$B2) * (INDIRECT("'"&H$1&"'!C2:C1000")=$C2) ), 5, FALSE )="", "", VLOOKUP( $A2, _xlfn._xlws.FILTER( INDIRECT("'"&H$1&"'!A2:G1000"), (INDIRECT("'"&H$1&"'!B2:B1000")=$B2) * (INDIRECT("'"&H$1&"'!C2:C1000")=$C2) ),7, FALSE ) )} -> Sim | I2: {=IF( VLOOKUP( $A2, _xlfn._xlws.FILTER( INDIRECT("'"&I$1&"'!A2:G1000"), (INDIRECT("'"&I$1&"'!B2:B1000")=$B2) * (INDIRECT("'"&I$1&"'!C2:C1000")=$C2) ), 5, FALSE )="", "", VLOOKUP( $A2, _xlfn._xlws.FILTER( INDIRECT("'"&I$1&"'!A2:G1000"), (INDIRECT("'"&I$1&"'!B2:B1000")=$B2) * (INDIRECT("'"&I$1&"'!C2:C1000")=$C2) ),7, FALSE ) )} -> Sim | J2: {=IF( VLOOKUP( $A2, _xlfn._xlws.FILTER( INDIRECT("'"&J$1&"'!A2:G1000"), (INDIRECT("'"&J$1&"'!B2:B1000")=$B2) * (INDIRECT("'"&J$1&"'!C2:C1000")=$C2) ), 5, FALSE )="", "", VLOOKUP( $A2, _xlfn._xlws.FILTER( INDIRECT("'"&J$1&"'!A2:G1000"), (INDIRECT("'"&J$1&"'!B2:B1000")=$B2) * (INDIRECT("'"&J$1&"'!C2:C1000")=$C2) ),7, FALSE ) )} -> Sim | K2: {=IF( VLOOKUP( $A2, _xlfn._xlws.FILTER( INDIRECT("'"&K$1&"'!A2:G1000"), (INDIRECT("'"&K$1&"'!B2:B1000")=$B2) * (INDIRECT("'"&K$1&"'!C2:C1000")=$C2) ), 5, FALSE )="", "", VLOOKUP( $A2, _xlfn._xlws.FILTER( INDIRECT("'"&K$1&"'!A2:G1000"), (INDIRECT("'"&K$1&"'!B2:B1000")=$B2) * (INDIRECT("'"&K$1&"'!C2:C1000")=$C2) ),7, FALSE ) )} -> Não | ... O2: {=IF( VLOOKUP( $A2, _xlfn._xlws.FILTER( INDIRECT("'"&O$1&"'!A2:G1000"), (INDIRECT("'"&O$1&"'!B2:B1000")=$B2) * (INDIRECT("'"&O$1&"'!C2:C1000")=$C2) ), 5, FALSE )="", "", VLOOKUP( $A2, _xlfn._xlws.FILTER( INDIRECT("'"&O$1&"'!A2:G1000"), (INDIRECT("'"&O$1&"'!B2:B1000")=$B2) * (INDIRECT("'"&O$1&"'!C2:C1000")=$C2) ),7, FALSE ) )} -> Não
A3: Coripa | B3: Douradina | C3: 1 | D3: {=IF( VLOOKUP( $A3, _xlfn._xlws.FILTER( INDIRECT("'"&D$1&"'!A2:G1000"), (INDIRECT("'"&D$1&"'!B2:B1000")=$B3) * (INDIRECT("'"&D$1&"'!C2:C1000")=$C3) ), 5, FALSE )="", "", VLOOKUP( $A3, _xlfn._xlws.FILTER( INDIRECT("'"&D$1&"'!A2:G1000"), (INDIRECT("'"&D$1&"'!B2:B1000")=$B3) * (INDIRECT("'"&D$1&"'!C2:C1000")=$C3) ),7, FALSE ) )} -> Sim | E3: {=IF( VLOOKUP( $A3, _xlfn._xlws.FILTER( INDIRECT("'"&E$1&"'!A2:G1000"), (INDIRECT("'"&E$1&"'!B2:B1000")=$B3) * (INDIRECT("'"&E$1&"'!C2:C1000")=$C3) ), 5, FALSE )="", "", VLOOKUP( $A3, _xlfn._xlws.FILTER( INDIRECT("'"&E$1&"'!A2:G1000"), (INDIRECT("'"&E$1&"'!B2:B1000")=$B3) * (INDIRECT("'"&E$1&"'!C2:C1000")=$C3) ),7, FALSE ) )} -> Sim | F3: {=IF( VLOOKUP( $A3, _xlfn._xlws.FILTER( INDIRECT("'"&F$1&"'!A2:G1000"), (INDIRECT("'"&F$1&"'!B2:B1000")=$B3) * (INDIRECT("'"&F$1&"'!C2:C1000")=$C3) ), 5, FALSE )="", "", VLOOKUP( $A3, _xlfn._xlws.FILTER( INDIRECT("'"&F$1&"'!A2:G1000"), (INDIRECT("'"&F$1&"'!B2:B1000")=$B3) * (INDIRECT("'"&F$1&"'!C2:C1000")=$C3) ),7, FALSE ) )} -> Sim | G3: {=IF( VLOOKUP( $A3, _xlfn._xlws.FILTER( INDIRECT("'"&G$1&"'!A2:G1000"), (INDIRECT("'"&G$1&"'!B2:B1000")=$B3) * (INDIRECT("'"&G$1&"'!C2:C1000")=$C3) ), 5, FALSE )="", "", VLOOKUP( $A3, _xlfn._xlws.FILTER( INDIRECT("'"&G$1&"'!A2:G1000"), (INDIRECT("'"&G$1&"'!B2:B1000")=$B3) * (INDIRECT("'"&G$1&"'!C2:C1000")=$C3) ),7, FALSE ) )} -> Sim | H3: {=IF( VLOOKUP( $A3, _xlfn._xlws.FILTER( INDIRECT("'"&H$1&"'!A2:G1000"), (INDIRECT("'"&H$1&"'!B2:B1000")=$B3) * (INDIRECT("'"&H$1&"'!C2:C1000")=$C3) ), 5, FALSE )="", "", VLOOKUP( $A3, _xlfn._xlws.FILTER( INDIRECT("'"&H$1&"'!A2:G1000"), (INDIRECT("'"&H$1&"'!B2:B1000")=$B3) * (INDIRECT("'"&H$1&"'!C2:C1000")=$C3) ),7, FALSE ) )} -> Sim | I3: {=IF( VLOOKUP( $A3, _xlfn._xlws.FILTER( INDIRECT("'"&I$1&"'!A2:G1000"), (INDIRECT("'"&I$1&"'!B2:B1000")=$B3) * (INDIRECT("'"&I$1&"'!C2:C1000")=$C3) ), 5, FALSE )="", "", VLOOKUP( $A3, _xlfn._xlws.FILTER( INDIRECT("'"&I$1&"'!A2:G1000"), (INDIRECT("'"&I$1&"'!B2:B1000")=$B3) * (INDIRECT("'"&I$1&"'!C2:C1000")=$C3) ),7, FALSE ) )} -> Sim | J3: {=IF( VLOOKUP( $A3, _xlfn._xlws.FILTER( INDIRECT("'"&J$1&"'!A2:G1000"), (INDIRECT("'"&J$1&"'!B2:B1000")=$B3) * (INDIRECT("'"&J$1&"'!C2:C1000")=$C3) ), 5, FALSE )="", "", VLOOKUP( $A3, _xlfn._xlws.FILTER( INDIRECT("'"&J$1&"'!A2:G1000"), (INDIRECT("'"&J$1&"'!B2:B1000")=$B3) * (INDIRECT("'"&J$1&"'!C2:C1000")=$C3) ),7, FALSE ) )} -> Sim | K3: {=IF( VLOOKUP( $A3, _xlfn._xlws.FILTER( INDIRECT("'"&K$1&"'!A2:G1000"), (INDIRECT("'"&K$1&"'!B2:B1000")=$B3) * (INDIRECT("'"&K$1&"'!C2:C1000")=$C3) ), 5, FALSE )="", "", VLOOKUP( $A3, _xlfn._xlws.FILTER( INDIRECT("'"&K$1&"'!A2:G1000"), (INDIRECT("'"&K$1&"'!B2:B1000")=$B3) * (INDIRECT("'"&K$1&"'!C2:C1000")=$C3) ),7, FALSE ) )} -> Não | ... O3: {=IF( VLOOKUP( $A3, _xlfn._xlws.FILTER( INDIRECT("'"&O$1&"'!A2:G1000"), (INDIRECT("'"&O$1&"'!B2:B1000")=$B3) * (INDIRECT("'"&O$1&"'!C2:C1000")=$C3) ), 5, FALSE )="", "", VLOOKUP( $A3, _xlfn._xlws.FILTER( INDIRECT("'"&O$1&"'!A2:G1000"), (INDIRECT("'"&O$1&"'!B2:B1000")=$B3) * (INDIRECT("'"&O$1&"'!C2:C1000")=$C3) ),7, FALSE ) )}
A4: Coripa | B4: Esperança Nova | C4: 1 | D4: {=IF( VLOOKUP( $A4, _xlfn._xlws.FILTER( INDIRECT("'"&D$1&"'!A2:G1000"), (INDIRECT("'"&D$1&"'!B2:B1000")=$B4) * (INDIRECT("'"&D$1&"'!C2:C1000")=$C4) ), 5, FALSE )="", "", VLOOKUP( $A4, _xlfn._xlws.FILTER( INDIRECT("'"&D$1&"'!A2:G1000"), (INDIRECT("'"&D$1&"'!B2:B1000")=$B4) * (INDIRECT("'"&D$1&"'!C2:C1000")=$C4) ),7, FALSE ) )} -> Sim | E4: {=IF( VLOOKUP( $A4, _xlfn._xlws.FILTER( INDIRECT("'"&E$1&"'!A2:G1000"), (INDIRECT("'"&E$1&"'!B2:B1000")=$B4) * (INDIRECT("'"&E$1&"'!C2:C1000")=$C4) ), 5, FALSE )="", "", VLOOKUP( $A4, _xlfn._xlws.FILTER( INDIRECT("'"&E$1&"'!A2:G1000"), (INDIRECT("'"&E$1&"'!B2:B1000")=$B4) * (INDIRECT("'"&E$1&"'!C2:C1000")=$C4) ),7, FALSE ) )} -> Sim | F4: {=IF( VLOOKUP( $A4, _xlfn._xlws.FILTER( INDIRECT("'"&F$1&"'!A2:G1000"), (INDIRECT("'"&F$1&"'!B2:B1000")=$B4) * (INDIRECT("'"&F$1&"'!C2:C1000")=$C4) ), 5, FALSE )="", "", VLOOKUP( $A4, _xlfn._xlws.FILTER( INDIRECT("'"&F$1&"'!A2:G1000"), (INDIRECT("'"&F$1&"'!B2:B1000")=$B4) * (INDIRECT("'"&F$1&"'!C2:C1000")=$C4) ),7, FALSE ) )} -> Sim | G4: {=IF( VLOOKUP( $A4, _xlfn._xlws.FILTER( INDIRECT("'"&G$1&"'!A2:G1000"), (INDIRECT("'"&G$1&"'!B2:B1000")=$B4) * (INDIRECT("'"&G$1&"'!C2:C1000")=$C4) ), 5, FALSE )="", "", VLOOKUP( $A4, _xlfn._xlws.FILTER( INDIRECT("'"&G$1&"'!A2:G1000"), (INDIRECT("'"&G$1&"'!B2:B1000")=$B4) * (INDIRECT("'"&G$1&"'!C2:C1000")=$C4) ),7, FALSE ) )} -> Sim | H4: {=IF( VLOOKUP( $A4, _xlfn._xlws.FILTER( INDIRECT("'"&H$1&"'!A2:G1000"), (INDIRECT("'"&H$1&"'!B2:B1000")=$B4) * (INDIRECT("'"&H$1&"'!C2:C1000")=$C4) ), 5, FALSE )="", "", VLOOKUP( $A4, _xlfn._xlws.FILTER( INDIRECT("'"&H$1&"'!A2:G1000"), (INDIRECT("'"&H$1&"'!B2:B1000")=$B4) * (INDIRECT("'"&H$1&"'!C2:C1000")=$C4) ),7, FALSE ) )} -> Sim | I4: {=IF( VLOOKUP( $A4, _xlfn._xlws.FILTER( INDIRECT("'"&I$1&"'!A2:G1000"), (INDIRECT("'"&I$1&"'!B2:B1000")=$B4) * (INDIRECT("'"&I$1&"'!C2:C1000")=$C4) ), 5, FALSE )="", "", VLOOKUP( $A4, _xlfn._xlws.FILTER( INDIRECT("'"&I$1&"'!A2:G1000"), (INDIRECT("'"&I$1&"'!B2:B1000")=$B4) * (INDIRECT("'"&I$1&"'!C2:C1000")=$C4) ),7, FALSE ) )} -> Sim | J4: {=IF( VLOOKUP( $A4, _xlfn._xlws.FILTER( INDIRECT("'"&J$1&"'!A2:G1000"), (INDIRECT("'"&J$1&"'!B2:B1000")=$B4) * (INDIRECT("'"&J$1&"'!C2:C1000")=$C4) ), 5, FALSE )="", "", VLOOKUP( $A4, _xlfn._xlws.FILTER( INDIRECT("'"&J$1&"'!A2:G1000"), (INDIRECT("'"&J$1&"'!B2:B1000")=$B4) * (INDIRECT("'"&J$1&"'!C2:C1000")=$C4) ),7, FALSE ) )} -> Sim | K4: {=IF( VLOOKUP( $A4, _xlfn._xlws.FILTER( INDIRECT("'"&K$1&"'!A2:G1000"), (INDIRECT("'"&K$1&"'!B2:B1000")=$B4) * (INDIRECT("'"&K$1&"'!C2:C1000")=$C4) ), 5, FALSE )="", "", VLOOKUP( $A4, _xlfn._xlws.FILTER( INDIRECT("'"&K$1&"'!A2:G1000"), (INDIRECT("'"&K$1&"'!B2:B1000")=$B4) * (INDIRECT("'"&K$1&"'!C2:C1000")=$C4) ),7, FALSE ) )} -> Não | ... O4: {=IF( VLOOKUP( $A4, _xlfn._xlws.FILTER( INDIRECT("'"&O$1&"'!A2:G1000"), (INDIRECT("'"&O$1&"'!B2:B1000")=$B4) * (INDIRECT("'"&O$1&"'!C2:C1000")=$C4) ), 5, FALSE )="", "", VLOOKUP( $A4, _xlfn._xlws.FILTER( INDIRECT("'"&O$1&"'!A2:G1000"), (INDIRECT("'"&O$1&"'!B2:B1000")=$B4) * (INDIRECT("'"&O$1&"'!C2:C1000")=$C4) ),7, FALSE ) )}
A5: Coripa | B5: Icaraíma | C5: 1 | D5: {=IF( VLOOKUP( $A5, _xlfn._xlws.FILTER( INDIRECT("'"&D$1&"'!A2:G1000"), (INDIRECT("'"&D$1&"'!B2:B1000")=$B5) * (INDIRECT("'"&D$1&"'!C2:C1000")=$C5) ), 5, FALSE )="", "", VLOOKUP( $A5, _xlfn._xlws.FILTER( INDIRECT("'"&D$1&"'!A2:G1000"), (INDIRECT("'"&D$1&"'!B2:B1000")=$B5) * (INDIRECT("'"&D$1&"'!C2:C1000")=$C5) ),7, FALSE ) )} -> Sim | E5: {=IF( VLOOKUP( $A5, _xlfn._xlws.FILTER( INDIRECT("'"&E$1&"'!A2:G1000"), (INDIRECT("'"&E$1&"'!B2:B1000")=$B5) * (INDIRECT("'"&E$1&"'!C2:C1000")=$C5) ), 5, FALSE )="", "", VLOOKUP( $A5, _xlfn._xlws.FILTER( INDIRECT("'"&E$1&"'!A2:G1000"), (INDIRECT("'"&E$1&"'!B2:B1000")=$B5) * (INDIRECT("'"&E$1&"'!C2:C1000")=$C5) ),7, FALSE ) )} -> Sim | F5: {=IF( VLOOKUP( $A5, _xlfn._xlws.FILTER( INDIRECT("'"&F$1&"'!A2:G1000"), (INDIRECT("'"&F$1&"'!B2:B1000")=$B5) * (INDIRECT("'"&F$1&"'!C2:C1000")=$C5) ), 5, FALSE )="", "", VLOOKUP( $A5, _xlfn._xlws.FILTER( INDIRECT("'"&F$1&"'!A2:G1000"), (INDIRECT("'"&F$1&"'!B2:B1000")=$B5) * (INDIRECT("'"&F$1&"'!C2:C1000")=$C5) ),7, FALSE ) )} -> Sim | G5: {=IF( VLOOKUP( $A5, _xlfn._xlws.FILTER( INDIRECT("'"&G$1&"'!A2:G1000"), (INDIRECT("'"&G$1&"'!B2:B1000")=$B5) * (INDIRECT("'"&G$1&"'!C2:C1000")=$C5) ), 5, FALSE )="", "", VLOOKUP( $A5, _xlfn._xlws.FILTER( INDIRECT("'"&G$1&"'!A2:G1000"), (INDIRECT("'"&G$1&"'!B2:B1000")=$B5) * (INDIRECT("'"&G$1&"'!C2:C1000")=$C5) ),7, FALSE ) )} -> Sim | H5: {=IF( VLOOKUP( $A5, _xlfn._xlws.FILTER( INDIRECT("'"&H$1&"'!A2:G1000"), (INDIRECT("'"&H$1&"'!B2:B1000")=$B5) * (INDIRECT("'"&H$1&"'!C2:C1000")=$C5) ), 5, FALSE )="", "", VLOOKUP( $A5, _xlfn._xlws.FILTER( INDIRECT("'"&H$1&"'!A2:G1000"), (INDIRECT("'"&H$1&"'!B2:B1000")=$B5) * (INDIRECT("'"&H$1&"'!C2:C1000")=$C5) ),7, FALSE ) )} -> Sim | I5: {=IF( VLOOKUP( $A5, _xlfn._xlws.FILTER( INDIRECT("'"&I$1&"'!A2:G1000"), (INDIRECT("'"&I$1&"'!B2:B1000")=$B5) * (INDIRECT("'"&I$1&"'!C2:C1000")=$C5) ), 5, FALSE )="", "", VLOOKUP( $A5, _xlfn._xlws.FILTER( INDIRECT("'"&I$1&"'!A2:G1000"), (INDIRECT("'"&I$1&"'!B2:B1000")=$B5) * (INDIRECT("'"&I$1&"'!C2:C1000")=$C5) ),7, FALSE ) )} -> Sim | J5: {=IF( VLOOKUP( $A5, _xlfn._xlws.FILTER( INDIRECT("'"&J$1&"'!A2:G1000"), (INDIRECT("'"&J$1&"'!B2:B1000")=$B5) * (INDIRECT("'"&J$1&"'!C2:C1000")=$C5) ), 5, FALSE )="", "", VLOOKUP( $A5, _xlfn._xlws.FILTER( INDIRECT("'"&J$1&"'!A2:G1000"), (INDIRECT("'"&J$1&"'!B2:B1000")=$B5) * (INDIRECT("'"&J$1&"'!C2:C1000")=$C5) ),7, FALSE ) )} -> Sim | K5: {=IF( VLOOKUP( $A5, _xlfn._xlws.FILTER( INDIRECT("'"&K$1&"'!A2:G1000"), (INDIRECT("'"&K$1&"'!B2:B1000")=$B5) * (INDIRECT("'"&K$1&"'!C2:C1000")=$C5) ), 5, FALSE )="", "", VLOOKUP( $A5, _xlfn._xlws.FILTER( INDIRECT("'"&K$1&"'!A2:G1000"), (INDIRECT("'"&K$1&"'!B2:B1000")=$B5) * (INDIRECT("'"&K$1&"'!C2:C1000")=$C5) ),7, FALSE ) )} -> Não | ... O5: {=IF( VLOOKUP( $A5, _xlfn._xlws.FILTER( INDIRECT("'"&O$1&"'!A2:G1000"), (INDIRECT("'"&O$1&"'!B2:B1000")=$B5) * (INDIRECT("'"&O$1&"'!C2:C1000")=$C5) ), 5, FALSE )="", "", VLOOKUP( $A5, _xlfn._xlws.FILTER( INDIRECT("'"&O$1&"'!A2:G1000"), (INDIRECT("'"&O$1&"'!B2:B1000")=$B5) * (INDIRECT("'"&O$1&"'!C2:C1000")=$C5) ),7, FALSE ) )}
A6: Coripa | B6: Maria Helena | C6: 1 | D6: {=IF( VLOOKUP( $A6, _xlfn._xlws.FILTER( INDIRECT("'"&D$1&"'!A2:G1000"), (INDIRECT("'"&D$1&"'!B2:B1000")=$B6) * (INDIRECT("'"&D$1&"'!C2:C1000")=$C6) ), 5, FALSE )="", "", VLOOKUP( $A6, _xlfn._xlws.FILTER( INDIRECT("'"&D$1&"'!A2:G1000"), (INDIRECT("'"&D$1&"'!B2:B1000")=$B6) * (INDIRECT("'"&D$1&"'!C2:C1000")=$C6) ),7, FALSE ) )} -> Sim | E6: {=IF( VLOOKUP( $A6, _xlfn._xlws.FILTER( INDIRECT("'"&E$1&"'!A2:G1000"), (INDIRECT("'"&E$1&"'!B2:B1000")=$B6) * (INDIRECT("'"&E$1&"'!C2:C1000")=$C6) ), 5, FALSE )="", "", VLOOKUP( $A6, _xlfn._xlws.FILTER( INDIRECT("'"&E$1&"'!A2:G1000"), (INDIRECT("'"&E$1&"'!B2:B1000")=$B6) * (INDIRECT("'"&E$1&"'!C2:C1000")=$C6) ),7, FALSE ) )} -> Sim | F6: {=IF( VLOOKUP( $A6, _xlfn._xlws.FILTER( INDIRECT("'"&F$1&"'!A2:G1000"), (INDIRECT("'"&F$1&"'!B2:B1000")=$B6) * (INDIRECT("'"&F$1&"'!C2:C1000")=$C6) ), 5, FALSE )="", "", VLOOKUP( $A6, _xlfn._xlws.FILTER( INDIRECT("'"&F$1&"'!A2:G1000"), (INDIRECT("'"&F$1&"'!B2:B1000")=$B6) * (INDIRECT("'"&F$1&"'!C2:C1000")=$C6) ),7, FALSE ) )} -> Sim | G6: {=IF( VLOOKUP( $A6, _xlfn._xlws.FILTER( INDIRECT("'"&G$1&"'!A2:G1000"), (INDIRECT("'"&G$1&"'!B2:B1000")=$B6) * (INDIRECT("'"&G$1&"'!C2:C1000")=$C6) ), 5, FALSE )="", "", VLOOKUP( $A6, _xlfn._xlws.FILTER( INDIRECT("'"&G$1&"'!A2:G1000"), (INDIRECT("'"&G$1&"'!B2:B1000")=$B6) * (INDIRECT("'"&G$1&"'!C2:C1000")=$C6) ),7, FALSE ) )} -> Sim | H6: {=IF( VLOOKUP( $A6, _xlfn._xlws.FILTER( INDIRECT("'"&H$1&"'!A2:G1000"), (INDIRECT("'"&H$1&"'!B2:B1000")=$B6) * (INDIRECT("'"&H$1&"'!C2:C1000")=$C6) ), 5, FALSE )="", "", VLOOKUP( $A6, _xlfn._xlws.FILTER( INDIRECT("'"&H$1&"'!A2:G1000"), (INDIRECT("'"&H$1&"'!B2:B1000")=$B6) * (INDIRECT("'"&H$1&"'!C2:C1000")=$C6) ),7, FALSE ) )} -> Sim | I6: {=IF( VLOOKUP( $A6, _xlfn._xlws.FILTER( INDIRECT("'"&I$1&"'!A2:G1000"), (INDIRECT("'"&I$1&"'!B2:B1000")=$B6) * (INDIRECT("'"&I$1&"'!C2:C1000")=$C6) ), 5, FALSE )="", "", VLOOKUP( $A6, _xlfn._xlws.FILTER( INDIRECT("'"&I$1&"'!A2:G1000"), (INDIRECT("'"&I$1&"'!B2:B1000")=$B6) * (INDIRECT("'"&I$1&"'!C2:C1000")=$C6) ),7, FALSE ) )} -> Sim | J6: {=IF( VLOOKUP( $A6, _xlfn._xlws.FILTER( INDIRECT("'"&J$1&"'!A2:G1000"), (INDIRECT("'"&J$1&"'!B2:B1000")=$B6) * (INDIRECT("'"&J$1&"'!C2:C1000")=$C6) ), 5, FALSE )="", "", VLOOKUP( $A6, _xlfn._xlws.FILTER( INDIRECT("'"&J$1&"'!A2:G1000"), (INDIRECT("'"&J$1&"'!B2:B1000")=$B6) * (INDIRECT("'"&J$1&"'!C2:C1000")=$C6) ),7, FALSE ) )} -> Sim | K6: {=IF( VLOOKUP( $A6, _xlfn._xlws.FILTER( INDIRECT("'"&K$1&"'!A2:G1000"), (INDIRECT("'"&K$1&"'!B2:B1000")=$B6) * (INDIRECT("'"&K$1&"'!C2:C1000")=$C6) ), 5, FALSE )="", "", VLOOKUP( $A6, _xlfn._xlws.FILTER( INDIRECT("'"&K$1&"'!A2:G1000"), (INDIRECT("'"&K$1&"'!B2:B1000")=$B6) * (INDIRECT("'"&K$1&"'!C2:C1000")=$C6) ),7, FALSE ) )} -> Não | ... O6: {=IF( VLOOKUP( $A6, _xlfn._xlws.FILTER( INDIRECT("'"&O$1&"'!A2:G1000"), (INDIRECT("'"&O$1&"'!B2:B1000")=$B6) * (INDIRECT("'"&O$1&"'!C2:C1000")=$C6) ), 5, FALSE )="", "", VLOOKUP( $A6, _xlfn._xlws.FILTER( INDIRECT("'"&O$1&"'!A2:G1000"), (INDIRECT("'"&O$1&"'!B2:B1000")=$B6) * (INDIRECT("'"&O$1&"'!C2:C1000")=$C6) ),7, FALSE ) )}
A7: Coripa | B7: Nova Olimpia | C7: 1 | D7: {=IF( VLOOKUP( $A7, _xlfn._xlws.FILTER( INDIRECT("'"&D$1&"'!A2:G1000"), (INDIRECT("'"&D$1&"'!B2:B1000")=$B7) * (INDIRECT("'"&D$1&"'!C2:C1000")=$C7) ), 5, FALSE )="", "", VLOOKUP( $A7, _xlfn._xlws.FILTER( INDIRECT("'"&D$1&"'!A2:G1000"), (INDIRECT("'"&D$1&"'!B2:B1000")=$B7) * (INDIRECT("'"&D$1&"'!C2:C1000")=$C7) ),7, FALSE ) )} -> Sim | E7: {=IF( VLOOKUP( $A7, _xlfn._xlws.FILTER( INDIRECT("'"&E$1&"'!A2:G1000"), (INDIRECT("'"&E$1&"'!B2:B1000")=$B7) * (INDIRECT("'"&E$1&"'!C2:C1000")=$C7) ), 5, FALSE )="", "", VLOOKUP( $A7, _xlfn._xlws.FILTER( INDIRECT("'"&E$1&"'!A2:G1000"), (INDIRECT("'"&E$1&"'!B2:B1000")=$B7) * (INDIRECT("'"&E$1&"'!C2:C1000")=$C7) ),7, FALSE ) )} -> Sim | F7: {=IF( VLOOKUP( $A7, _xlfn._xlws.FILTER( INDIRECT("'"&F$1&"'!A2:G1000"), (INDIRECT("'"&F$1&"'!B2:B1000")=$B7) * (INDIRECT("'"&F$1&"'!C2:C1000")=$C7) ), 5, FALSE )="", "", VLOOKUP( $A7, _xlfn._xlws.FILTER( INDIRECT("'"&F$1&"'!A2:G1000"), (INDIRECT("'"&F$1&"'!B2:B1000")=$B7) * (INDIRECT("'"&F$1&"'!C2:C1000")=$C7) ),7, FALSE ) )} -> Sim | G7: {=IF( VLOOKUP( $A7, _xlfn._xlws.FILTER( INDIRECT("'"&G$1&"'!A2:G1000"), (INDIRECT("'"&G$1&"'!B2:B1000")=$B7) * (INDIRECT("'"&G$1&"'!C2:C1000")=$C7) ), 5, FALSE )="", "", VLOOKUP( $A7, _xlfn._xlws.FILTER( INDIRECT("'"&G$1&"'!A2:G1000"), (INDIRECT("'"&G$1&"'!B2:B1000")=$B7) * (INDIRECT("'"&G$1&"'!C2:C1000")=$C7) ),7, FALSE ) )} -> Sim | H7: {=IF( VLOOKUP( $A7, _xlfn._xlws.FILTER( INDIRECT("'"&H$1&"'!A2:G1000"), (INDIRECT("'"&H$1&"'!B2:B1000")=$B7) * (INDIRECT("'"&H$1&"'!C2:C1000")=$C7) ), 5, FALSE )="", "", VLOOKUP( $A7, _xlfn._xlws.FILTER( INDIRECT("'"&H$1&"'!A2:G1000"), (INDIRECT("'"&H$1&"'!B2:B1000")=$B7) * (INDIRECT("'"&H$1&"'!C2:C1000")=$C7) ),7, FALSE ) )} -> Sim | I7: {=IF( VLOOKUP( $A7, _xlfn._xlws.FILTER( INDIRECT("'"&I$1&"'!A2:G1000"), (INDIRECT("'"&I$1&"'!B2:B1000")=$B7) * (INDIRECT("'"&I$1&"'!C2:C1000")=$C7) ), 5, FALSE )="", "", VLOOKUP( $A7, _xlfn._xlws.FILTER( INDIRECT("'"&I$1&"'!A2:G1000"), (INDIRECT("'"&I$1&"'!B2:B1000")=$B7) * (INDIRECT("'"&I$1&"'!C2:C1000")=$C7) ),7, FALSE ) )} -> Sim | J7: {=IF( VLOOKUP( $A7, _xlfn._xlws.FILTER( INDIRECT("'"&J$1&"'!A2:G1000"), (INDIRECT("'"&J$1&"'!B2:B1000")=$B7) * (INDIRECT("'"&J$1&"'!C2:C1000")=$C7) ), 5, FALSE )="", "", VLOOKUP( $A7, _xlfn._xlws.FILTER( INDIRECT("'"&J$1&"'!A2:G1000"), (INDIRECT("'"&J$1&"'!B2:B1000")=$B7) * (INDIRECT("'"&J$1&"'!C2:C1000")=$C7) ),7, FALSE ) )} -> Sim | K7: {=IF( VLOOKUP( $A7, _xlfn._xlws.FILTER( INDIRECT("'"&K$1&"'!A2:G1000"), (INDIRECT("'"&K$1&"'!B2:B1000")=$B7) * (INDIRECT("'"&K$1&"'!C2:C1000")=$C7) ), 5, FALSE )="", "", VLOOKUP( $A7, _xlfn._xlws.FILTER( INDIRECT("'"&K$1&"'!A2:G1000"), (INDIRECT("'"&K$1&"'!B2:B1000")=$B7) * (INDIRECT("'"&K$1&"'!C2:C1000")=$C7) ),7, FALSE ) )} -> Não | ... O7: {=IF( VLOOKUP( $A7, _xlfn._xlws.FILTER( INDIRECT("'"&O$1&"'!A2:G1000"), (INDIRECT("'"&O$1&"'!B2:B1000")=$B7) * (INDIRECT("'"&O$1&"'!C2:C1000")=$C7) ), 5, FALSE )="", "", VLOOKUP( $A7, _xlfn._xlws.FILTER( INDIRECT("'"&O$1&"'!A2:G1000"), (INDIRECT("'"&O$1&"'!B2:B1000")=$B7) * (INDIRECT("'"&O$1&"'!C2:C1000")=$C7) ),7, FALSE ) )}
A8: Coripa | B8: São Jorge do Patrocinio | C8: 1 | D8: {=IF( VLOOKUP( $A8, _xlfn._xlws.FILTER( INDIRECT("'"&D$1&"'!A2:G1000"), (INDIRECT("'"&D$1&"'!B2:B1000")=$B8) * (INDIRECT("'"&D$1&"'!C2:C1000")=$C8) ), 5, FALSE )="", "", VLOOKUP( $A8, _xlfn._xlws.FILTER( INDIRECT("'"&D$1&"'!A2:G1000"), (INDIRECT("'"&D$1&"'!B2:B1000")=$B8) * (INDIRECT("'"&D$1&"'!C2:C1000")=$C8) ),7, FALSE ) )} -> Sim | E8: {=IF( VLOOKUP( $A8, _xlfn._xlws.FILTER( INDIRECT("'"&E$1&"'!A2:G1000"), (INDIRECT("'"&E$1&"'!B2:B1000")=$B8) * (INDIRECT("'"&E$1&"'!C2:C1000")=$C8) ), 5, FALSE )="", "", VLOOKUP( $A8, _xlfn._xlws.FILTER( INDIRECT("'"&E$1&"'!A2:G1000"), (INDIRECT("'"&E$1&"'!B2:B1000")=$B8) * (INDIRECT("'"&E$1&"'!C2:C1000")=$C8) ),7, FALSE ) )} -> Sim | F8: {=IF( VLOOKUP( $A8, _xlfn._xlws.FILTER( INDIRECT("'"&F$1&"'!A2:G1000"), (INDIRECT("'"&F$1&"'!B2:B1000")=$B8) * (INDIRECT("'"&F$1&"'!C2:C1000")=$C8) ), 5, FALSE )="", "", VLOOKUP( $A8, _xlfn._xlws.FILTER( INDIRECT("'"&F$1&"'!A2:G1000"), (INDIRECT("'"&F$1&"'!B2:B1000")=$B8) * (INDIRECT("'"&F$1&"'!C2:C1000")=$C8) ),7, FALSE ) )} -> Sim | G8: {=IF( VLOOKUP( $A8, _xlfn._xlws.FILTER( INDIRECT("'"&G$1&"'!A2:G1000"), (INDIRECT("'"&G$1&"'!B2:B1000")=$B8) * (INDIRECT("'"&G$1&"'!C2:C1000")=$C8) ), 5, FALSE )="", "", VLOOKUP( $A8, _xlfn._xlws.FILTER( INDIRECT("'"&G$1&"'!A2:G1000"), (INDIRECT("'"&G$1&"'!B2:B1000")=$B8) * (INDIRECT("'"&G$1&"'!C2:C1000")=$C8) ),7, FALSE ) )} -> Sim | H8: {=IF( VLOOKUP( $A8, _xlfn._xlws.FILTER( INDIRECT("'"&H$1&"'!A2:G1000"), (INDIRECT("'"&H$1&"'!B2:B1000")=$B8) * (INDIRECT("'"&H$1&"'!C2:C1000")=$C8) ), 5, FALSE )="", "", VLOOKUP( $A8, _xlfn._xlws.FILTER( INDIRECT("'"&H$1&"'!A2:G1000"), (INDIRECT("'"&H$1&"'!B2:B1000")=$B8) * (INDIRECT("'"&H$1&"'!C2:C1000")=$C8) ),7, FALSE ) )} -> Sim | I8: {=IF( VLOOKUP( $A8, _xlfn._xlws.FILTER( INDIRECT("'"&I$1&"'!A2:G1000"), (INDIRECT("'"&I$1&"'!B2:B1000")=$B8) * (INDIRECT("'"&I$1&"'!C2:C1000")=$C8) ), 5, FALSE )="", "", VLOOKUP( $A8, _xlfn._xlws.FILTER( INDIRECT("'"&I$1&"'!A2:G1000"), (INDIRECT("'"&I$1&"'!B2:B1000")=$B8) * (INDIRECT("'"&I$1&"'!C2:C1000")=$C8) ),7, FALSE ) )} -> Sim | J8: {=IF( VLOOKUP( $A8, _xlfn._xlws.FILTER( INDIRECT("'"&J$1&"'!A2:G1000"), (INDIRECT("'"&J$1&"'!B2:B1000")=$B8) * (INDIRECT("'"&J$1&"'!C2:C1000")=$C8) ), 5, FALSE )="", "", VLOOKUP( $A8, _xlfn._xlws.FILTER( INDIRECT("'"&J$1&"'!A2:G1000"), (INDIRECT("'"&J$1&"'!B2:B1000")=$B8) * (INDIRECT("'"&J$1&"'!C2:C1000")=$C8) ),7, FALSE ) )} -> Sim | K8: {=IF( VLOOKUP( $A8, _xlfn._xlws.FILTER( INDIRECT("'"&K$1&"'!A2:G1000"), (INDIRECT("'"&K$1&"'!B2:B1000")=$B8) * (INDIRECT("'"&K$1&"'!C2:C1000")=$C8) ), 5, FALSE )="", "", VLOOKUP( $A8, _xlfn._xlws.FILTER( INDIRECT("'"&K$1&"'!A2:G1000"), (INDIRECT("'"&K$1&"'!B2:B1000")=$B8) * (INDIRECT("'"&K$1&"'!C2:C1000")=$C8) ),7, FALSE ) )} -> Não | ... O8: {=IF( VLOOKUP( $A8, _xlfn._xlws.FILTER( INDIRECT("'"&O$1&"'!A2:G1000"), (INDIRECT("'"&O$1&"'!B2:B1000")=$B8) * (INDIRECT("'"&O$1&"'!C2:C1000")=$C8) ), 5, FALSE )="", "", VLOOKUP( $A8, _xlfn._xlws.FILTER( INDIRECT("'"&O$1&"'!A2:G1000"), (INDIRECT("'"&O$1&"'!B2:B1000")=$B8) * (INDIRECT("'"&O$1&"'!C2:C1000")=$C8) ),7, FALSE ) )}
A9: Coripa | B9: Tapira | C9: 1 | D9: {=IF( VLOOKUP( $A9, _xlfn._xlws.FILTER( INDIRECT("'"&D$1&"'!A2:G1000"), (INDIRECT("'"&D$1&"'!B2:B1000")=$B9) * (INDIRECT("'"&D$1&"'!C2:C1000")=$C9) ), 5, FALSE )="", "", VLOOKUP( $A9, _xlfn._xlws.FILTER( INDIRECT("'"&D$1&"'!A2:G1000"), (INDIRECT("'"&D$1&"'!B2:B1000")=$B9) * (INDIRECT("'"&D$1&"'!C2:C1000")=$C9) ),7, FALSE ) )} -> Sim | E9: {=IF( VLOOKUP( $A9, _xlfn._xlws.FILTER( INDIRECT("'"&E$1&"'!A2:G1000"), (INDIRECT("'"&E$1&"'!B2:B1000")=$B9) * (INDIRECT("'"&E$1&"'!C2:C1000")=$C9) ), 5, FALSE )="", "", VLOOKUP( $A9, _xlfn._xlws.FILTER( INDIRECT("'"&E$1&"'!A2:G1000"), (INDIRECT("'"&E$1&"'!B2:B1000")=$B9) * (INDIRECT("'"&E$1&"'!C2:C1000")=$C9) ),7, FALSE ) )} -> Sim | F9: {=IF( VLOOKUP( $A9, _xlfn._xlws.FILTER( INDIRECT("'"&F$1&"'!A2:G1000"), (INDIRECT("'"&F$1&"'!B2:B1000")=$B9) * (INDIRECT("'"&F$1&"'!C2:C1000")=$C9) ), 5, FALSE )="", "", VLOOKUP( $A9, _xlfn._xlws.FILTER( INDIRECT("'"&F$1&"'!A2:G1000"), (INDIRECT("'"&F$1&"'!B2:B1000")=$B9) * (INDIRECT("'"&F$1&"'!C2:C1000")=$C9) ),7, FALSE ) )} -> Sim | G9: {=IF( VLOOKUP( $A9, _xlfn._xlws.FILTER( INDIRECT("'"&G$1&"'!A2:G1000"), (INDIRECT("'"&G$1&"'!B2:B1000")=$B9) * (INDIRECT("'"&G$1&"'!C2:C1000")=$C9) ), 5, FALSE )="", "", VLOOKUP( $A9, _xlfn._xlws.FILTER( INDIRECT("'"&G$1&"'!A2:G1000"), (INDIRECT("'"&G$1&"'!B2:B1000")=$B9) * (INDIRECT("'"&G$1&"'!C2:C1000")=$C9) ),7, FALSE ) )} -> Sim | H9: {=IF( VLOOKUP( $A9, _xlfn._xlws.FILTER( INDIRECT("'"&H$1&"'!A2:G1000"), (INDIRECT("'"&H$1&"'!B2:B1000")=$B9) * (INDIRECT("'"&H$1&"'!C2:C1000")=$C9) ), 5, FALSE )="", "", VLOOKUP( $A9, _xlfn._xlws.FILTER( INDIRECT("'"&H$1&"'!A2:G1000"), (INDIRECT("'"&H$1&"'!B2:B1000")=$B9) * (INDIRECT("'"&H$1&"'!C2:C1000")=$C9) ),7, FALSE ) )} -> Sim | I9: {=IF( VLOOKUP( $A9, _xlfn._xlws.FILTER( INDIRECT("'"&I$1&"'!A2:G1000"), (INDIRECT("'"&I$1&"'!B2:B1000")=$B9) * (INDIRECT("'"&I$1&"'!C2:C1000")=$C9) ), 5, FALSE )="", "", VLOOKUP( $A9, _xlfn._xlws.FILTER( INDIRECT("'"&I$1&"'!A2:G1000"), (INDIRECT("'"&I$1&"'!B2:B1000")=$B9) * (INDIRECT("'"&I$1&"'!C2:C1000")=$C9) ),7, FALSE ) )} -> Sim | J9: {=IF( VLOOKUP( $A9, _xlfn._xlws.FILTER( INDIRECT("'"&J$1&"'!A2:G1000"), (INDIRECT("'"&J$1&"'!B2:B1000")=$B9) * (INDIRECT("'"&J$1&"'!C2:C1000")=$C9) ), 5, FALSE )="", "", VLOOKUP( $A9, _xlfn._xlws.FILTER( INDIRECT("'"&J$1&"'!A2:G1000"), (INDIRECT("'"&J$1&"'!B2:B1000")=$B9) * (INDIRECT("'"&J$1&"'!C2:C1000")=$C9) ),7, FALSE ) )} -> Sim | K9: {=IF( VLOOKUP( $A9, _xlfn._xlws.FILTER( INDIRECT("'"&K$1&"'!A2:G1000"), (INDIRECT("'"&K$1&"'!B2:B1000")=$B9) * (INDIRECT("'"&K$1&"'!C2:C1000")=$C9) ), 5, FALSE )="", "", VLOOKUP( $A9, _xlfn._xlws.FILTER( INDIRECT("'"&K$1&"'!A2:G1000"), (INDIRECT("'"&K$1&"'!B2:B1000")=$B9) * (INDIRECT("'"&K$1&"'!C2:C1000")=$C9) ),7, FALSE ) )} -> Não | ... O9: {=IF( VLOOKUP( $A9, _xlfn._xlws.FILTER( INDIRECT("'"&O$1&"'!A2:G1000"), (INDIRECT("'"&O$1&"'!B2:B1000")=$B9) * (INDIRECT("'"&O$1&"'!C2:C1000")=$C9) ), 5, FALSE )="", "", VLOOKUP( $A9, _xlfn._xlws.FILTER( INDIRECT("'"&O$1&"'!A2:G1000"), (INDIRECT("'"&O$1&"'!B2:B1000")=$B9) * (INDIRECT("'"&O$1&"'!C2:C1000")=$C9) ),7, FALSE ) )}
A11: Regional | B11: Municípios | C11: UVR | D11: 01.25 | E11: 02.25 | F11: 03.25 | G11: 04.25 | H11: 05.25 | I11: 06.25 | J11: 07.25 | K11: 08.25 | L11: 09.25 | M11: 10.25 | N11: 11.25 | O11: 12.25
A12: Comafen | B12: Diamante do Norte | C12: 1 | D12: {=IF( VLOOKUP( $A12, _xlfn._xlws.FILTER( INDIRECT("'"&D$1&"'!A2:G1000"), (INDIRECT("'"&D$1&"'!B2:B1000")=$B12) * (INDIRECT("'"&D$1&"'!C2:C1000")=$C12) ), 5, FALSE )="", "", VLOOKUP( $A12, _xlfn._xlws.FILTER( INDIRECT("'"&D$1&"'!A2:G1000"), (INDIRECT("'"&D$1&"'!B2:B1000")=$B12) * (INDIRECT("'"&D$1&"'!C2:C1000")=$C12) ),7, FALSE ) )} -> Sim | E12: {=IF( VLOOKUP( $A12, _xlfn._xlws.FILTER( INDIRECT("'"&E$1&"'!A2:G1000"), (INDIRECT("'"&E$1&"'!B2:B1000")=$B12) * (INDIRECT("'"&E$1&"'!C2:C1000")=$C12) ), 5, FALSE )="", "", VLOOKUP( $A12, _xlfn._xlws.FILTER( INDIRECT("'"&E$1&"'!A2:G1000"), (INDIRECT("'"&E$1&"'!B2:B1000")=$B12) * (INDIRECT("'"&E$1&"'!C2:C1000")=$C12) ),7, FALSE ) )} -> Sim | F12: {=IF( VLOOKUP( $A12, _xlfn._xlws.FILTER( INDIRECT("'"&F$1&"'!A2:G1000"), (INDIRECT("'"&F$1&"'!B2:B1000")=$B12) * (INDIRECT("'"&F$1&"'!C2:C1000")=$C12) ), 5, FALSE )="", "", VLOOKUP( $A12, _xlfn._xlws.FILTER( INDIRECT("'"&F$1&"'!A2:G1000"), (INDIRECT("'"&F$1&"'!B2:B1000")=$B12) * (INDIRECT("'"&F$1&"'!C2:C1000")=$C12) ),7, FALSE ) )} -> Sim | G12: {=IF( VLOOKUP( $A12, _xlfn._xlws.FILTER( INDIRECT("'"&G$1&"'!A2:G1000"), (INDIRECT("'"&G$1&"'!B2:B1000")=$B12) * (INDIRECT("'"&G$1&"'!C2:C1000")=$C12) ), 5, FALSE )="", "", VLOOKUP( $A12, _xlfn._xlws.FILTER( INDIRECT("'"&G$1&"'!A2:G1000"), (INDIRECT("'"&G$1&"'!B2:B1000")=$B12) * (INDIRECT("'"&G$1&"'!C2:C1000")=$C12) ),7, FALSE ) )} -> Sim | H12: {=IF( VLOOKUP( $A12, _xlfn._xlws.FILTER( INDIRECT("'"&H$1&"'!A2:G1000"), (INDIRECT("'"&H$1&"'!B2:B1000")=$B12) * (INDIRECT("'"&H$1&"'!C2:C1000")=$C12) ), 5, FALSE )="", "", VLOOKUP( $A12, _xlfn._xlws.FILTER( INDIRECT("'"&H$1&"'!A2:G1000"), (INDIRECT("'"&H$1&"'!B2:B1000")=$B12) * (INDIRECT("'"&H$1&"'!C2:C1000")=$C12) ),7, FALSE ) )} -> Sim | I12: {=IF( VLOOKUP( $A12, _xlfn._xlws.FILTER( INDIRECT("'"&I$1&"'!A2:G1000"), (INDIRECT("'"&I$1&"'!B2:B1000")=$B12) * (INDIRECT("'"&I$1&"'!C2:C1000")=$C12) ), 5, FALSE )="", "", VLOOKUP( $A12, _xlfn._xlws.FILTER( INDIRECT("'"&I$1&"'!A2:G1000"), (INDIRECT("'"&I$1&"'!B2:B1000")=$B12) * (INDIRECT("'"&I$1&"'!C2:C1000")=$C12) ),7, FALSE ) )} -> Sim | J12: {=IF( VLOOKUP( $A12, _xlfn._xlws.FILTER( INDIRECT("'"&J$1&"'!A2:G1000"), (INDIRECT("'"&J$1&"'!B2:B1000")=$B12) * (INDIRECT("'"&J$1&"'!C2:C1000")=$C12) ), 5, FALSE )="", "", VLOOKUP( $A12, _xlfn._xlws.FILTER( INDIRECT("'"&J$1&"'!A2:G1000"), (INDIRECT("'"&J$1&"'!B2:B1000")=$B12) * (INDIRECT("'"&J$1&"'!C2:C1000")=$C12) ),7, FALSE ) )} -> Sim | K12: {=IF( VLOOKUP( $A12, _xlfn._xlws.FILTER( INDIRECT("'"&K$1&"'!A2:G1000"), (INDIRECT("'"&K$1&"'!B2:B1000")=$B12) * (INDIRECT("'"&K$1&"'!C2:C1000")=$C12) ), 5, FALSE )="", "", VLOOKUP( $A12, _xlfn._xlws.FILTER( INDIRECT("'"&K$1&"'!A2:G1000"), (INDIRECT("'"&K$1&"'!B2:B1000")=$B12) * (INDIRECT("'"&K$1&"'!C2:C1000")=$C12) ),7, FALSE ) )} -> Não | ... O12: {=IF( VLOOKUP( $A12, _xlfn._xlws.FILTER( INDIRECT("'"&O$1&"'!A2:G1000"), (INDIRECT("'"&O$1&"'!B2:B1000")=$B12) * (INDIRECT("'"&O$1&"'!C2:C1000")=$C12) ), 5, FALSE )="", "", VLOOKUP( $A12, _xlfn._xlws.FILTER( INDIRECT("'"&O$1&"'!A2:G1000"), (INDIRECT("'"&O$1&"'!B2:B1000")=$B12) * (INDIRECT("'"&O$1&"'!C2:C1000")=$C12) ),7, FALSE ) )}
A13: Comafen | B13: Itauna do Sul | C13: 1 | D13: {=IF( VLOOKUP( $A13, _xlfn._xlws.FILTER( INDIRECT("'"&D$1&"'!A2:G1000"), (INDIRECT("'"&D$1&"'!B2:B1000")=$B13) * (INDIRECT("'"&D$1&"'!C2:C1000")=$C13) ), 5, FALSE )="", "", VLOOKUP( $A13, _xlfn._xlws.FILTER( INDIRECT("'"&D$1&"'!A2:G1000"), (INDIRECT("'"&D$1&"'!B2:B1000")=$B13) * (INDIRECT("'"&D$1&"'!C2:C1000")=$C13) ),7, FALSE ) )} -> Sim | E13: {=IF( VLOOKUP( $A13, _xlfn._xlws.FILTER( INDIRECT("'"&E$1&"'!A2:G1000"), (INDIRECT("'"&E$1&"'!B2:B1000")=$B13) * (INDIRECT("'"&E$1&"'!C2:C1000")=$C13) ), 5, FALSE )="", "", VLOOKUP( $A13, _xlfn._xlws.FILTER( INDIRECT("'"&E$1&"'!A2:G1000"), (INDIRECT("'"&E$1&"'!B2:B1000")=$B13) * (INDIRECT("'"&E$1&"'!C2:C1000")=$C13) ),7, FALSE ) )} -> Sim | F13: {=IF( VLOOKUP( $A13, _xlfn._xlws.FILTER( INDIRECT("'"&F$1&"'!A2:G1000"), (INDIRECT("'"&F$1&"'!B2:B1000")=$B13) * (INDIRECT("'"&F$1&"'!C2:C1000")=$C13) ), 5, FALSE )="", "", VLOOKUP( $A13, _xlfn._xlws.FILTER( INDIRECT("'"&F$1&"'!A2:G1000"), (INDIRECT("'"&F$1&"'!B2:B1000")=$B13) * (INDIRECT("'"&F$1&"'!C2:C1000")=$C13) ),7, FALSE ) )} -> Sim | G13: {=IF( VLOOKUP( $A13, _xlfn._xlws.FILTER( INDIRECT("'"&G$1&"'!A2:G1000"), (INDIRECT("'"&G$1&"'!B2:B1000")=$B13) * (INDIRECT("'"&G$1&"'!C2:C1000")=$C13) ), 5, FALSE )="", "", VLOOKUP( $A13, _xlfn._xlws.FILTER( INDIRECT("'"&G$1&"'!A2:G1000"), (INDIRECT("'"&G$1&"'!B2:B1000")=$B13) * (INDIRECT("'"&G$1&"'!C2:C1000")=$C13) ),7, FALSE ) )} -> Sim | H13: {=IF( VLOOKUP( $A13, _xlfn._xlws.FILTER( INDIRECT("'"&H$1&"'!A2:G1000"), (INDIRECT("'"&H$1&"'!B2:B1000")=$B13) * (INDIRECT("'"&H$1&"'!C2:C1000")=$C13) ), 5, FALSE )="", "", VLOOKUP( $A13, _xlfn._xlws.FILTER( INDIRECT("'"&H$1&"'!A2:G1000"), (INDIRECT("'"&H$1&"'!B2:B1000")=$B13) * (INDIRECT("'"&H$1&"'!C2:C1000")=$C13) ),7, FALSE ) )} -> Sim | I13: {=IF( VLOOKUP( $A13, _xlfn._xlws.FILTER( INDIRECT("'"&I$1&"'!A2:G1000"), (INDIRECT("'"&I$1&"'!B2:B1000")=$B13) * (INDIRECT("'"&I$1&"'!C2:C1000")=$C13) ), 5, FALSE )="", "", VLOOKUP( $A13, _xlfn._xlws.FILTER( INDIRECT("'"&I$1&"'!A2:G1000"), (INDIRECT("'"&I$1&"'!B2:B1000")=$B13) * (INDIRECT("'"&I$1&"'!C2:C1000")=$C13) ),7, FALSE ) )} -> Sim | J13: {=IF( VLOOKUP( $A13, _xlfn._xlws.FILTER( INDIRECT("'"&J$1&"'!A2:G1000"), (INDIRECT("'"&J$1&"'!B2:B1000")=$B13) * (INDIRECT("'"&J$1&"'!C2:C1000")=$C13) ), 5, FALSE )="", "", VLOOKUP( $A13, _xlfn._xlws.FILTER( INDIRECT("'"&J$1&"'!A2:G1000"), (INDIRECT("'"&J$1&"'!B2:B1000")=$B13) * (INDIRECT("'"&J$1&"'!C2:C1000")=$C13) ),7, FALSE ) )} -> Sim | K13: {=IF( VLOOKUP( $A13, _xlfn._xlws.FILTER( INDIRECT("'"&K$1&"'!A2:G1000"), (INDIRECT("'"&K$1&"'!B2:B1000")=$B13) * (INDIRECT("'"&K$1&"'!C2:C1000")=$C13) ), 5, FALSE )="", "", VLOOKUP( $A13, _xlfn._xlws.FILTER( INDIRECT("'"&K$1&"'!A2:G1000"), (INDIRECT("'"&K$1&"'!B2:B1000")=$B13) * (INDIRECT("'"&K$1&"'!C2:C1000")=$C13) ),7, FALSE ) )} -> Não | ... O13: {=IF( VLOOKUP( $A13, _xlfn._xlws.FILTER( INDIRECT("'"&O$1&"'!A2:G1000"), (INDIRECT("'"&O$1&"'!B2:B1000")=$B13) * (INDIRECT("'"&O$1&"'!C2:C1000")=$C13) ), 5, FALSE )="", "", VLOOKUP( $A13, _xlfn._xlws.FILTER( INDIRECT("'"&O$1&"'!A2:G1000"), (INDIRECT("'"&O$1&"'!B2:B1000")=$B13) * (INDIRECT("'"&O$1&"'!C2:C1000")=$C13) ),7, FALSE ) )}
A14: Comafen | B14: Loanda | C14: 1 | D14: {=IF( VLOOKUP( $A14, _xlfn._xlws.FILTER( INDIRECT("'"&D$1&"'!A2:G1000"), (INDIRECT("'"&D$1&"'!B2:B1000")=$B14) * (INDIRECT("'"&D$1&"'!C2:C1000")=$C14) ), 5, FALSE )="", "", VLOOKUP( $A14, _xlfn._xlws.FILTER( INDIRECT("'"&D$1&"'!A2:G1000"), (INDIRECT("'"&D$1&"'!B2:B1000")=$B14) * (INDIRECT("'"&D$1&"'!C2:C1000")=$C14) ),7, FALSE ) )} -> Sim | E14: {=IF( VLOOKUP( $A14, _xlfn._xlws.FILTER( INDIRECT("'"&E$1&"'!A2:G1000"), (INDIRECT("'"&E$1&"'!B2:B1000")=$B14) * (INDIRECT("'"&E$1&"'!C2:C1000")=$C14) ), 5, FALSE )="", "", VLOOKUP( $A14, _xlfn._xlws.FILTER( INDIRECT("'"&E$1&"'!A2:G1000"), (INDIRECT("'"&E$1&"'!B2:B1000")=$B14) * (INDIRECT("'"&E$1&"'!C2:C1000")=$C14) ),7, FALSE ) )} -> Sim | F14: {=IF( VLOOKUP( $A14, _xlfn._xlws.FILTER( INDIRECT("'"&F$1&"'!A2:G1000"), (INDIRECT("'"&F$1&"'!B2:B1000")=$B14) * (INDIRECT("'"&F$1&"'!C2:C1000")=$C14) ), 5, FALSE )="", "", VLOOKUP( $A14, _xlfn._xlws.FILTER( INDIRECT("'"&F$1&"'!A2:G1000"), (INDIRECT("'"&F$1&"'!B2:B1000")=$B14) * (INDIRECT("'"&F$1&"'!C2:C1000")=$C14) ),7, FALSE ) )} -> Sim | G14: {=IF( VLOOKUP( $A14, _xlfn._xlws.FILTER( INDIRECT("'"&G$1&"'!A2:G1000"), (INDIRECT("'"&G$1&"'!B2:B1000")=$B14) * (INDIRECT("'"&G$1&"'!C2:C1000")=$C14) ), 5, FALSE )="", "", VLOOKUP( $A14, _xlfn._xlws.FILTER( INDIRECT("'"&G$1&"'!A2:G1000"), (INDIRECT("'"&G$1&"'!B2:B1000")=$B14) * (INDIRECT("'"&G$1&"'!C2:C1000")=$C14) ),7, FALSE ) )} -> Sim | H14: {=IF( VLOOKUP( $A14, _xlfn._xlws.FILTER( INDIRECT("'"&H$1&"'!A2:G1000"), (INDIRECT("'"&H$1&"'!B2:B1000")=$B14) * (INDIRECT("'"&H$1&"'!C2:C1000")=$C14) ), 5, FALSE )="", "", VLOOKUP( $A14, _xlfn._xlws.FILTER( INDIRECT("'"&H$1&"'!A2:G1000"), (INDIRECT("'"&H$1&"'!B2:B1000")=$B14) * (INDIRECT("'"&H$1&"'!C2:C1000")=$C14) ),7, FALSE ) )} -> Sim | I14: {=IF( VLOOKUP( $A14, _xlfn._xlws.FILTER( INDIRECT("'"&I$1&"'!A2:G1000"), (INDIRECT("'"&I$1&"'!B2:B1000")=$B14) * (INDIRECT("'"&I$1&"'!C2:C1000")=$C14) ), 5, FALSE )="", "", VLOOKUP( $A14, _xlfn._xlws.FILTER( INDIRECT("'"&I$1&"'!A2:G1000"), (INDIRECT("'"&I$1&"'!B2:B1000")=$B14) * (INDIRECT("'"&I$1&"'!C2:C1000")=$C14) ),7, FALSE ) )} -> Sim | J14: {=IF( VLOOKUP( $A14, _xlfn._xlws.FILTER( INDIRECT("'"&J$1&"'!A2:G1000"), (INDIRECT("'"&J$1&"'!B2:B1000")=$B14) * (INDIRECT("'"&J$1&"'!C2:C1000")=$C14) ), 5, FALSE )="", "", VLOOKUP( $A14, _xlfn._xlws.FILTER( INDIRECT("'"&J$1&"'!A2:G1000"), (INDIRECT("'"&J$1&"'!B2:B1000")=$B14) * (INDIRECT("'"&J$1&"'!C2:C1000")=$C14) ),7, FALSE ) )} -> Sim | K14: {=IF( VLOOKUP( $A14, _xlfn._xlws.FILTER( INDIRECT("'"&K$1&"'!A2:G1000"), (INDIRECT("'"&K$1&"'!B2:B1000")=$B14) * (INDIRECT("'"&K$1&"'!C2:C1000")=$C14) ), 5, FALSE )="", "", VLOOKUP( $A14, _xlfn._xlws.FILTER( INDIRECT("'"&K$1&"'!A2:G1000"), (INDIRECT("'"&K$1&"'!B2:B1000")=$B14) * (INDIRECT("'"&K$1&"'!C2:C1000")=$C14) ),7, FALSE ) )} -> Não | ... O14: {=IF( VLOOKUP( $A14, _xlfn._xlws.FILTER( INDIRECT("'"&O$1&"'!A2:G1000"), (INDIRECT("'"&O$1&"'!B2:B1000")=$B14) * (INDIRECT("'"&O$1&"'!C2:C1000")=$C14) ), 5, FALSE )="", "", VLOOKUP( $A14, _xlfn._xlws.FILTER( INDIRECT("'"&O$1&"'!A2:G1000"), (INDIRECT("'"&O$1&"'!B2:B1000")=$B14) * (INDIRECT("'"&O$1&"'!C2:C1000")=$C14) ),7, FALSE ) )}
