Workbook

Sheet Resumo
A1: Formulário | B1: Enviados | C1: % | D1: Atrasados | E1: % | F1: Sem Técnico | G1: % | H1: Total
A2: 1 - Município | B2: =COUNTIF(INDIRECT("'Form 1 - Município'!E2:E100"),"Enviado") | C2: =B2/SUM($B2,$D2,$F2) | D2: =COUNTIF(INDIRECT("'Form 1 - Município'!E2:E100"),"Atrasado") | E2: =D2/SUM($B2,$D2,$F2) | F2: =COUNTIF(INDIRECT("'Form 1 - Município'!E2:E100"),"Sem Técnico") | G2: =F2/SUM($B2,$D2,$F2) | H2: =SUM(B2,D2,F2)
A3: 2 - UVR | B3: =COUNTIF(INDIRECT("'Form 2 - UVR'!E2:E100"),"Enviado") | C3: =B3/SUM($B3,$D3,$F3) | D3: =COUNTIF(INDIRECT("'Form 2 - UVR'!E2:E100"),"Atrasado") | E3: =D3/SUM($B3,$D3,$F3) | F3: =COUNTIF(INDIRECT("'Form 2 - UVR'!E2:E100"),"Sem Técnico") | G3: =F3/SUM($B3,$D3,$F3) | H3: =SUM(B3,D3,F3)
A4: 3 - Empreendimento | B4: =COUNTIF(INDIRECT("'Form 3 - Empreendimento'!E2:E100"),"Enviado") | C4: =B4/SUM($B4,$D4,$F4) | D4: =COUNTIF(INDIRECT("'Form 3 - Empreendimento'!E2:E100"),"Atrasado") | E4: =D4/SUM($B4,$D4,$F4) | F4: =COUNTIF(INDIRECT("'Form 3 - Empreendimento'!E2:E100"),"Sem Técnico") | G4: =F4/SUM($B4,$D4,$F4) | H4: =SUM(B4,D4,F4)
A5: Total | B5: =SUM(B2:B4) | C5: =B5/SUM($B5,$D5,$F5) | D5: =SUM(D2:D4) | E5: =D5/SUM($B5,$D5,$F5) | F5: =SUM(F2:F4) | G5: =F5/SUM($B5,$D5,$F5) | H5: =SUM(B5,D5,F5)

Sheet Form 1 - Município
A1: Regional | B1: Município | C1: UVR | D1: Técnico de UVR | E1: Situação | F1: Data de Envio | G1: Validado pelo Regional | H1: Observações | I1: Formulários para Deletar (ID) | J1: Validado Equip de TI | K1: Resposta Equipe de TI
A2: Ana Paula | B2: Belém | C2: 1 | D2: Ana Luiza de Araujo e Silva | E2: Enviado | F2: 25/05/2025 | G2: Sim | J2: Não
A3: Ana Paula | B3: Belém | C3: 2 | D3: Herlem Carlen Ferro | E3: Enviado | F3: 25/05/2025 | G3: Sim | J3: Não
A4: Ana Paula | B4: Belém | C4: 3 | D4: Monica Goreth Costa Ribeiro | E4: Enviado | F4: 25/05/2025 | G4: Sim | J4: Não
A5: Ana Paula | B5: Belém | C5: 4 | D5: Thiago da Sailva Santos | E5: Enviado | F5: 25/05/2025 | G5: Sim | J5: Não

Sheet Form 2 - UVR
A1: Regional | B1: Município | C1: UVR | D1: Técnico de UVR | E1: Situação | F1: Data de Envio | G1: Validado pelo Regional | H1: Observações | I1: Formulários para Deletar (ID) | J1: Validado Equip de TI | K1: Resposta Equipe de TI
A2: Ana Paula | B2: Belém | C2: 1 | D2: =IFERROR(IF(INDEX('Form 1 - Município'!D2:D500, MATCH(B2&C2, INDEX('Form 1 - Município'!B2:B500&'Form 1 - Município'!C2:C500, 0), 0))="", "", INDEX('Form 1 - Município'!D2:D500, MATCH(B2&C2, INDEX('Form 1 - Município'!B2:B500&'Form 1 - Município'!C2:C500, 0), 0))), "") | E2: Enviado | F2: 18/12/2024 | G2: Sim | J2: Não
A3: Ana Paula | B3: Belém | C3: 2 | D3: =IFERROR(IF(INDEX('Form 1 - Município'!D2:D500, MATCH(B3&C3, INDEX('Form 1 - Município'!B2:B500&'Form 1 - Município'!C2:C500, 0), 0))="", "", INDEX('Form 1 - Município'!D2:D500, MATCH(B3&C3, INDEX('Form 1 - Município'!B2:B500&'Form 1 - Município'!C2:C500, 0), 0))), "") | E3: Enviado | F3: 27/12/2024 | G3: Sim | J3: Não
A4: Ana Paula | B4: Belém | C4: 3 | D4: =IFERROR(IF(INDEX('Form 1 - Município'!D2:D500, MATCH(B4&C4, INDEX('Form 1 - Município'!B2:B500&'Form 1 - Município'!C2:C500, 0), 0))="", "", INDEX('Form 1 - Município'!D2:D500, MATCH(B4&C4, INDEX('Form 1 - Município'!B2:B500&'Form 1 - Município'!C2:C500, 0), 0))), "") | E4: Enviado | F4: 10/01/2025 | G4: Sim | J4: Não
A5: Ana Paula | B5: Belém | C5: 4 | D5: =IFERROR(IF(INDEX('Form 1 - Município'!D2:D500, MATCH(B5&C5, INDEX('Form 1 - Município'!B2:B500&'Form 1 - Município'!C2:C500, 0), 0))="", "", INDEX('Form 1 - Município'!D2:D500, MATCH(B5&C5, INDEX('Form 1 - Município'!B2:B500&'Form 1 - Município'!C2:C500, 0), 0))), "") | E5: Enviado | F5: 11/12/2024 | G5: Sim | J5: Não

Sheet Form 3 - Empreendimento
A1: Regional | B1: Município | C1: UVR | D1: Técnico de UVR | E1: Situação | F1: Data de Envio | G1: Validado pelo Regional | H1: Observações | I1: Formulários para Deletar (ID) | J1: Validado Equip de TI | K1: Resposta Equipe de TI
A2: Ana Paula | B2: Belém | C2: 1 | D2: =IFERROR(IF(INDEX('Form 1 - Município'!D2:D500, MATCH(B2&C2, INDEX('Form 1 - Município'!B2:B500&'Form 1 - Município'!C2:C500, 0), 0))="", "", INDEX('Form 1 - Município'!D2:D500, MATCH(B2&C2, INDEX('Form 1 - Município'!B2:B500&'Form 1 - Município'!C2:C500, 0), 0))), "") | E2: Enviado | F2: 30/12/2024 | G2: Sim | J2: Não
A3: Ana Paula | B3: Belém | C3: 2 | D3: =IFERROR(IF(INDEX('Form 1 - Município'!D2:D500, MATCH(B3&C3, INDEX('Form 1 - Município'!B2:B500&'Form 1 - Município'!C2:C500, 0), 0))="", "", INDEX('Form 1 - Município'!D2:D500, MATCH(B3&C3, INDEX('Form 1 - Município'!B2:B500&'Form 1 - Município'!C2:C500, 0), 0))), "") | E3: Enviado | F3: 18/12/2024 | G3: Sim | J3: Não
A4: Ana Paula | B4: Belém | C4: 3 | D4: =IFERROR(IF(INDEX('Form 1 - Município'!D2:D500, MATCH(B4&C4, INDEX('Form 1 - Município'!B2:B500&'Form 1 - Município'!C2:C500, 0), 0))="", "", INDEX('Form 1 - Município'!D2:D500, MATCH(B4&C4, INDEX('Form 1 - Município'!B2:B500&'Form 1 - Município'!C2:C500, 0), 0))), "") | E4: Enviado | F4: 10/01/2025 | G4: Sim | J4: Não
A5: Ana Paula | B5: Belém | C5: 4 | D5: =IFERROR(IF(INDEX('Form 1 - Município'!D2:D500, MATCH(B5&C5, INDEX('Form 1 - Município'!B2:B500&'Form 1 - Município'!C2:C500, 0), 0))="", "", INDEX('Form 1 - Município'!D2:D500, MATCH(B5&C5, INDEX('Form 1 - Município'!B2:B500&'Form 1 - Município'!C2:C500, 0), 0))), "") | E5: Enviado | F5: 11/12/2024 | G5: Sim | J5: Não
